device_id,day,source,target,weight,distance
442,2019-06-16,9287.0,9114.0,1,[0.485]
1969,2019-06-16,9411.0,9041.0,1,[0.853]
6131,2019-06-15,9473.0,9407.0,1,[0.72]
6131,2019-06-15,9407.0,9464.0,1,[0.744]
7000,2019-06-15,9319.0,9169.0,1,[0.555]
7404,2019-06-15,8948.0,9129.0,1,[0.968]
7404,2019-06-15,9129.0,9149.0,1,[0.061]
12105,2019-06-15,8694.0,9031.0,1,[1.704]
12105,2019-06-15,9031.0,9130.0,1,[0.928]
12105,2019-06-16,8695.0,9044.0,1,[2.18]
12358,2019-06-15,9008.0,9402.0,1,[1.894]
13106,2019-06-15,9421.0,8505.0,1,[1.654]
13106,2019-06-15,8505.0,8749.0,1,[2.015]
13106,2019-06-15,8749.0,8758.0,1,[0.499]
13106,2019-06-15,8758.0,9173.0,1,[1.75]
13106,2019-06-15,9173.0,9687.0,1,[2.662]
13106,2019-06-15,9173.0,9103.0,1,[0.473]
13106,2019-06-15,9687.0,9104.0,1,[2.537]
13106,2019-06-15,9104.0,9173.0,1,[0.442]
13106,2019-06-15,9103.0,9173.0,1,[0.489]
13106,2019-06-16,9074.0,8749.0,1,[1.871]
13106,2019-06-16,8749.0,9173.0,1,[2.272]
13432,2019-06-15,9398.0,9713.0,1,[1.904]
14324,2019-06-15,9044.0,9337.0,1,[1.075]
17177,2019-06-15,9321.0,9344.0,1,[0.244]
17177,2019-06-15,9344.0,9452.0,1,[1.077]
19619,2019-06-15,9508.0,9340.0,1,[0.758]
19619,2019-06-15,9340.0,9044.0,1,[1.094]
19619,2019-06-15,9044.0,9508.0,1,[1.59]
22580,2019-06-15,9413.0,9172.0,1,[0.908]
22580,2019-06-16,9290.0,9316.0,1,[0.509]
22994,2019-06-15,8916.0,9508.0,1,[2.944]
24684,2019-06-15,9114.0,9420.0,1,[1.251]
24684,2019-06-15,9420.0,9126.0,1,[1.3]
24843,2019-06-15,9378.0,8758.0,1,[1.728]
24843,2019-06-15,8693.0,9126.0,1,[2.731]
24843,2019-06-15,9126.0,8773.0,1,[0.895]
24843,2019-06-15,8773.0,8880.0,1,[0.7]
24843,2019-06-15,8880.0,8724.0,1,[0.699]
24843,2019-06-16,8685.0,8678.0,1,[0.14]
24843,2019-06-16,8678.0,8924.0,1,[1.981]
24843,2019-06-16,9041.0,8892.0,1,[1.426]
24843,2019-06-16,8892.0,8485.0,1,[3.07]
24843,2019-06-16,8916.0,9289.0,1,[1.652]
25285,2019-06-15,8956.0,9442.0,1,[2.34]
27073,2019-06-15,9041.0,9034.0,1,[0.387]
27896,2019-06-15,8724.0,9411.0,1,[2.471]
34349,2019-06-15,9428.0,8955.0,1,[2.087]
40556,2019-06-15,9043.0,9443.0,1,[1.517]
44803,2019-06-16,8956.0,9508.0,1,[2.447]
46000,2019-06-16,9436.0,9494.0,1,[0.733]
46253,2019-06-15,9488.0,9421.0,1,[0.393]
46253,2019-06-15,9436.0,9043.0,1,[1.498]
46253,2019-06-15,9043.0,8771.0,1,[0.861]
46253,2019-06-15,8771.0,8684.0,1,[1.803]
46832,2019-06-16,9166.0,9317.0,1,[0.643]
46832,2019-06-16,9317.0,9166.0,1,[0.636]
50787,2019-06-16,9059.0,8967.0,1,[0.945]
52146,2019-06-16,9302.0,8480.0,1,[2.857]
61825,2019-06-15,8470.0,8749.0,1,[1.901]
72668,2019-06-16,9174.0,9034.0,1,[1.32]
72668,2019-06-16,9174.0,9391.0,1,[1.284]
72668,2019-06-16,9034.0,9174.0,1,[1.316]
72668,2019-06-16,9391.0,9174.0,1,[1.282]
74842,2019-06-15,9421.0,9508.0,1,[1.264]
76369,2019-06-16,9321.0,9398.0,1,[0.769]
76369,2019-06-16,9398.0,9421.0,1,[0.424]
76369,2019-06-16,9008.0,9072.0,1,[1.418]
76369,2019-06-16,9072.0,9008.0,1,[1.416]
77232,2019-06-15,8771.0,8948.0,1,[0.518]
77232,2019-06-16,8771.0,8948.0,1,[0.52]
77628,2019-06-15,9074.0,8532.0,1,[0.785]
77628,2019-06-15,8532.0,9074.0,1,[0.777]
77797,2019-06-15,8988.0,8535.0,1,[2.107]
77797,2019-06-15,9508.0,8988.0,1,[2.74]
77797,2019-06-16,8988.0,8678.0,1,[1.508]
77797,2019-06-16,8988.0,9421.0,1,[2.279]
77797,2019-06-16,8678.0,8988.0,1,[1.482]
77797,2019-06-16,9421.0,9415.0,1,[0.485]
77797,2019-06-16,9415.0,9421.0,1,[0.601]
78258,2019-06-15,9172.0,9344.0,1,[0.648]
78258,2019-06-16,9410.0,9344.0,1,[0.616]
80378,2019-06-15,9687.0,8754.0,1,[1.804]
80378,2019-06-15,8754.0,9687.0,1,[1.805]
80378,2019-06-16,8490.0,9687.0,1,[1.805]
80378,2019-06-16,9687.0,9321.0,1,[2.378]
80378,2019-06-16,9321.0,9687.0,1,[2.378]
83161,2019-06-16,8954.0,8773.0,1,[0.643]
84041,2019-06-15,9406.0,9042.0,1,[0.957]
84041,2019-06-15,9042.0,9406.0,1,[0.942]
84041,2019-06-16,9127.0,8920.0,1,[1.169]
84041,2019-06-16,8920.0,9407.0,1,[2.063]
84511,2019-06-15,9428.0,9126.0,1,[1.212]
86375,2019-06-15,9328.0,9413.0,1,[0.615]
86503,2019-06-16,9297.0,9319.0,1,[0.418]
90272,2019-06-16,9114.0,9064.0,1,[0.418]
93796,2019-06-16,9126.0,9172.0,1,[0.44]
94227,2019-06-15,9132.0,9380.0,1,[0.471]
94227,2019-06-15,9132.0,9131.0,1,[0.184]
94227,2019-06-15,9045.0,9132.0,1,[0.552]
94227,2019-06-16,9286.0,9059.0,1,[0.607]
96006,2019-06-15,9059.0,9135.0,1,[0.332]
98040,2019-06-15,8882.0,9012.0,1,[1.096]
98040,2019-06-15,9012.0,8882.0,1,[1.138]
98040,2019-06-16,9034.0,9074.0,1,[0.632]
98040,2019-06-16,9074.0,9062.0,1,[0.392]
98040,2019-06-16,9062.0,8775.0,1,[1.272]
98040,2019-06-16,8775.0,8907.0,1,[0.483]
98216,2019-06-16,9508.0,9060.0,1,[1.31]
99924,2019-06-16,8749.0,8701.0,1,[0.642]
101703,2019-06-15,8157.0,9621.0,1,[2.828]
103663,2019-06-16,8946.0,8662.0,1,[0.801]
105013,2019-06-16,9012.0,9011.0,1,[0.009]
107848,2019-06-15,8771.0,8915.0,1,[0.111]
113795,2019-06-15,8535.0,9428.0,1,[1.891]
115486,2019-06-15,9488.0,8268.0,1,[4.785]
118013,2019-06-16,9385.0,9508.0,1,[1.001]
118337,2019-06-15,8895.0,8886.0,1,[0.598]
118985,2019-06-15,9034.0,9060.0,1,[0.491]
118985,2019-06-15,9060.0,9436.0,1,[0.967]
119007,2019-06-15,8549.0,9376.0,1,[0.993]
119007,2019-06-15,9376.0,9034.0,1,[0.829]
119007,2019-06-16,8549.0,9421.0,1,[0.46]
119007,2019-06-16,9421.0,9409.0,1,[0.573]
119007,2019-06-16,9409.0,8549.0,1,[1.017]
121000,2019-06-16,9100.0,9508.0,1,[2.03]
124471,2019-06-15,8534.0,9687.0,1,[0.384]
124471,2019-06-15,9687.0,9072.0,1,[1.033]
124471,2019-06-15,9072.0,9383.0,1,[0.613]
127554,2019-06-16,9297.0,8923.0,1,[1.549]
130098,2019-06-15,8525.0,8948.0,1,[3.525]
130098,2019-06-16,8525.0,9100.0,1,[3.512]
130815,2019-06-16,9508.0,10551.0,1,[0.431]
130815,2019-06-16,10551.0,9407.0,1,[0.567]
131875,2019-06-15,8767.0,8913.0,1,[0.153]
132577,2019-06-16,8678.0,8764.0,1,[1.476]
132577,2019-06-16,8764.0,8947.0,1,[1.127]
135450,2019-06-15,8895.0,8764.0,1,[1.231]
135715,2019-06-16,9301.0,9320.0,1,[0.027]
136423,2019-06-16,9044.0,8988.0,1,[0.682]
138392,2019-06-15,8988.0,8678.0,1,[1.73]
138392,2019-06-16,8988.0,8678.0,1,[1.556]
138392,2019-06-16,8678.0,8988.0,1,[1.587]
142575,2019-06-16,8771.0,9592.0,1,[3.016]
143350,2019-06-16,9131.0,9097.0,1,[0.705]
143350,2019-06-16,9097.0,9131.0,1,[0.711]
147313,2019-06-16,8946.0,8894.0,1,[0.338]
147429,2019-06-15,8907.0,9345.0,1,[2.265]
147429,2019-06-16,9412.0,9383.0,1,[0.415]
147429,2019-06-16,9383.0,8907.0,1,[1.859]
148280,2019-06-15,9718.0,9508.0,1,[1.584]
152732,2019-06-15,9035.0,9103.0,1,[1.402]
152732,2019-06-15,9103.0,8555.0,1,[2.1]
152732,2019-06-15,8555.0,8547.0,1,[0.441]
155920,2019-06-16,9129.0,9034.0,1,[1.13]
157531,2019-06-15,9409.0,9508.0,1,[0.844]
157531,2019-06-15,9508.0,9385.0,1,[1.032]
158678,2019-06-16,8771.0,9035.0,1,[1.465]
161256,2019-06-15,9488.0,9687.0,1,[1.672]
162647,2019-06-15,9288.0,9408.0,1,[0.603]
162647,2019-06-15,9408.0,8988.0,1,[1.567]
162647,2019-06-16,8988.0,9008.0,1,[0.423]
162647,2019-06-16,9008.0,8988.0,1,[0.431]
164949,2019-06-16,8635.0,8921.0,1,[0.761]
165442,2019-06-16,9014.0,8983.0,1,[1.459]
165442,2019-06-16,8983.0,9006.0,1,[0.791]
165442,2019-06-16,9006.0,9045.0,1,[0.755]
165442,2019-06-16,9045.0,9384.0,1,[0.633]
165442,2019-06-16,9384.0,9324.0,1,[0.308]
165650,2019-06-15,9294.0,9321.0,1,[0.242]
165650,2019-06-15,9321.0,9172.0,1,[0.557]
165650,2019-06-15,9172.0,8948.0,1,[1.38]
165650,2019-06-15,8948.0,8924.0,1,[0.043]
165650,2019-06-15,8924.0,9034.0,1,[1.686]
165650,2019-06-15,9034.0,9060.0,1,[0.274]
167741,2019-06-16,8954.0,8952.0,1,[0.389]
167741,2019-06-16,8952.0,8954.0,1,[0.409]
168354,2019-06-15,9295.0,9059.0,1,[0.537]
169491,2019-06-16,8684.0,6993.0,1,[0.661]
170608,2019-06-16,8916.0,9059.0,1,[1.493]
170608,2019-06-16,8916.0,8880.0,1,[0.508]
170608,2019-06-16,9059.0,8916.0,1,[1.492]
171448,2019-06-15,9508.0,9344.0,1,[0.909]
172518,2019-06-16,9106.0,9046.0,1,[1.421]
173631,2019-06-16,9133.0,9059.0,1,[0.61]
173739,2019-06-16,9460.0,8658.0,1,[3.43]
176220,2019-06-16,9366.0,9710.0,1,[2.916]
176220,2019-06-16,9710.0,8545.0,1,[0.663]
176220,2019-06-16,8545.0,8502.0,1,[0.591]
177169,2019-06-15,9492.0,8771.0,1,[2.946]
178862,2019-06-15,9045.0,9041.0,1,[0.191]
178901,2019-06-16,9126.0,9772.0,1,[2.38]
178901,2019-06-16,9772.0,9109.0,1,[2.514]
179290,2019-06-15,9044.0,9059.0,1,[0.402]
179290,2019-06-16,9376.0,9400.0,1,[0.534]
179290,2019-06-16,9400.0,9059.0,1,[1.052]
179809,2019-06-16,9413.0,9112.0,1,[1.249]
179809,2019-06-16,9112.0,9115.0,1,[0.384]
185366,2019-06-15,9062.0,9503.0,1,[1.328]
187167,2019-06-15,9148.0,9172.0,1,[0.419]
187167,2019-06-15,9172.0,9148.0,1,[0.33]
190089,2019-06-15,8908.0,8909.0,1,[0.042]
190089,2019-06-16,9345.0,8908.0,1,[2.349]
192968,2019-06-15,8523.0,8568.0,1,[0.646]
195028,2019-06-15,9436.0,8268.0,1,[5.151]
196158,2019-06-15,9108.0,9289.0,1,[0.739]
196158,2019-06-15,9289.0,9328.0,1,[0.434]
196158,2019-06-15,9328.0,9034.0,1,[1.401]
200017,2019-06-15,8727.0,8728.0,1,[0.013]
202506,2019-06-15,9340.0,8749.0,1,[2.551]
202506,2019-06-15,9340.0,8894.0,1,[2.389]
202506,2019-06-15,8749.0,9340.0,1,[2.565]
202506,2019-06-16,9340.0,9508.0,1,[0.596]
205444,2019-06-15,9066.0,9421.0,1,[0.761]
205892,2019-06-15,8703.0,9408.0,1,[2.91]
207514,2019-06-15,8893.0,8702.0,1,[1.336]
207514,2019-06-15,8702.0,8738.0,1,[0.456]
207577,2019-06-15,9069.0,9059.0,1,[0.71]
211785,2019-06-16,9045.0,9048.0,1,[0.69]
217649,2019-06-15,9488.0,9100.0,1,[2.258]
217649,2019-06-15,9059.0,9410.0,1,[0.943]
217992,2019-06-15,9431.0,8985.0,1,[1.855]
217992,2019-06-16,8678.0,8684.0,1,[0.362]
221672,2019-06-15,9112.0,9128.0,1,[0.387]
221672,2019-06-16,9342.0,9128.0,1,[0.895]
222623,2019-06-16,8895.0,8894.0,1,[0.249]
222623,2019-06-16,8894.0,8704.0,1,[1.288]
225686,2019-06-15,8678.0,9107.0,1,[2.08]
225686,2019-06-15,9107.0,9132.0,1,[0.552]
225686,2019-06-15,9132.0,9302.0,1,[0.497]
227974,2019-06-15,9065.0,9408.0,1,[0.395]
227974,2019-06-15,9408.0,9508.0,1,[0.751]
230096,2019-06-15,9413.0,9172.0,1,[0.802]
230096,2019-06-15,9172.0,9383.0,1,[0.572]
230096,2019-06-15,9383.0,8948.0,1,[1.747]
230096,2019-06-15,8948.0,9345.0,1,[2.046]
230096,2019-06-16,9172.0,9384.0,1,[0.574]
230714,2019-06-15,9059.0,9440.0,1,[1.283]
230714,2019-06-15,9440.0,9342.0,1,[0.574]
230714,2019-06-16,9059.0,9060.0,1,[0.274]
233502,2019-06-15,8775.0,9059.0,1,[0.902]
233502,2019-06-15,9059.0,9319.0,1,[0.932]
233502,2019-06-15,9319.0,8965.0,1,[1.41]
233502,2019-06-15,8965.0,8890.0,1,[0.846]
233695,2019-06-15,8969.0,9431.0,1,[2.205]
235738,2019-06-16,9022.0,9152.0,1,[2.175]
235971,2019-06-15,6940.0,9153.0,1,[3.233]
243513,2019-06-16,8157.0,8993.0,1,[2.273]
243513,2019-06-16,8993.0,8157.0,1,[2.278]
244391,2019-06-16,9508.0,9325.0,1,[1.032]
244391,2019-06-16,9325.0,8895.0,1,[2.266]
244901,2019-06-15,9049.0,9032.0,1,[0.569]
248027,2019-06-15,9316.0,9059.0,1,[0.842]
248027,2019-06-15,9059.0,9316.0,1,[0.842]
255653,2019-06-16,9131.0,8678.0,1,[2.677]
262600,2019-06-16,8768.0,9045.0,1,[1.088]
265929,2019-06-16,8993.0,9059.0,1,[0.581]
268075,2019-06-15,9321.0,8304.0,1,[3.261]
268075,2019-06-15,8304.0,9407.0,1,[3.16]
268075,2019-06-15,9336.0,9131.0,1,[0.78]
268075,2019-06-15,9131.0,9147.0,1,[0.872]
268075,2019-06-15,9131.0,9340.0,1,[0.756]
268075,2019-06-15,9147.0,9131.0,1,[0.935]
268075,2019-06-15,9340.0,9131.0,1,[0.765]
268075,2019-06-16,9131.0,9319.0,1,[0.709]
268075,2019-06-16,9319.0,9012.0,1,[1.166]
268075,2019-06-16,9012.0,9752.0,1,[2.816]
272406,2019-06-15,9108.0,8304.0,1,[3.249]
272406,2019-06-15,8304.0,9059.0,1,[3.066]
272406,2019-06-16,8304.0,9064.0,1,[3.162]
275171,2019-06-16,9366.0,9498.0,1,[0.773]
275245,2019-06-15,8989.0,9508.0,1,[2.277]
277329,2019-06-15,8549.0,9698.0,1,[0.578]
278052,2019-06-15,9751.0,9704.0,1,[0.514]
278052,2019-06-15,9704.0,9104.0,1,[2.594]
278052,2019-06-15,9104.0,9704.0,1,[2.576]
278288,2019-06-15,9032.0,9172.0,1,[1.353]
279319,2019-06-15,8701.0,6940.0,1,[1.426]
281446,2019-06-15,9289.0,9129.0,1,[0.585]
282044,2019-06-15,8894.0,9060.0,1,[2.084]
282623,2019-06-15,9410.0,8895.0,1,[2.408]
283052,2019-06-16,9410.0,9319.0,1,[0.694]
283052,2019-06-16,9319.0,9412.0,1,[0.701]
283052,2019-06-16,9412.0,9007.0,1,[1.758]
283052,2019-06-16,9007.0,9034.0,1,[1.083]
283052,2019-06-16,9034.0,9428.0,1,[1.188]
283205,2019-06-16,8658.0,8765.0,1,[1.315]
283205,2019-06-16,8765.0,8895.0,1,[1.319]
283562,2019-06-15,6940.0,8678.0,1,[1.745]
283562,2019-06-15,8678.0,9380.0,1,[3.009]
289357,2019-06-16,9376.0,9034.0,1,[0.386]
289357,2019-06-16,9034.0,9376.0,1,[0.386]
290754,2019-06-15,9436.0,9366.0,1,[0.662]
292351,2019-06-16,9297.0,9440.0,1,[1.331]
292351,2019-06-16,9440.0,9373.0,1,[0.435]
292351,2019-06-16,9373.0,9508.0,1,[0.559]
293948,2019-06-15,9060.0,9035.0,1,[0.382]
294892,2019-06-16,8947.0,8771.0,1,[0.622]
294892,2019-06-16,8771.0,8950.0,1,[0.54]
294892,2019-06-16,8950.0,8771.0,1,[0.539]
295376,2019-06-16,9108.0,9949.0,1,[2.811]
295754,2019-06-15,9508.0,8525.0,1,[3.01]
296562,2019-06-15,9413.0,9508.0,1,[0.461]
296927,2019-06-16,8268.0,9035.0,1,[3.443]
298602,2019-06-15,9149.0,9321.0,1,[0.936]
298602,2019-06-15,9321.0,9060.0,1,[0.846]
298602,2019-06-15,9060.0,9149.0,1,[1.05]
299841,2019-06-15,8766.0,8963.0,1,[0.219]
300253,2019-06-15,8762.0,9034.0,1,[0.779]
302251,2019-06-15,9034.0,9519.0,1,[1.994]
302251,2019-06-15,8773.0,8920.0,1,[0.56]
302251,2019-06-15,8920.0,8988.0,1,[0.553]
302251,2019-06-16,8917.0,8925.0,1,[0.39]
302251,2019-06-16,8925.0,8988.0,1,[0.823]
304041,2019-06-15,9367.0,8993.0,1,[1.547]
307322,2019-06-15,8966.0,9034.0,1,[1.711]
307322,2019-06-15,9034.0,8966.0,1,[1.711]
307510,2019-06-16,9292.0,9642.0,1,[2.67]
310163,2019-06-15,9710.0,9319.0,1,[2.944]
310163,2019-06-15,9319.0,8970.0,1,[1.534]
310503,2019-06-16,9149.0,9411.0,1,[1.167]
314120,2019-06-15,9169.0,8658.0,1,[2.138]
314171,2019-06-16,9508.0,9034.0,1,[2.031]
317800,2019-06-16,9411.0,9059.0,1,[0.576]
317800,2019-06-16,9059.0,9293.0,1,[0.794]
317800,2019-06-16,9293.0,8952.0,1,[1.507]
320183,2019-06-15,9101.0,9412.0,1,[1.537]
320183,2019-06-16,8956.0,9037.0,1,[0.603]
320210,2019-06-16,9443.0,9436.0,1,[0.253]
321255,2019-06-16,9409.0,9436.0,1,[0.542]
325765,2019-06-15,9073.0,9055.0,1,[0.315]
325765,2019-06-15,9055.0,9376.0,1,[0.516]
325765,2019-06-15,9376.0,9433.0,1,[0.845]
326075,2019-06-15,9288.0,9319.0,1,[0.409]
327658,2019-06-15,8685.0,8878.0,1,[1.299]
335317,2019-06-15,9372.0,8700.0,1,[3.395]
335317,2019-06-16,8700.0,9372.0,1,[3.395]
337590,2019-06-15,8921.0,8923.0,1,[0.077]
337936,2019-06-15,9059.0,9316.0,1,[0.804]
337936,2019-06-15,9135.0,9059.0,1,[0.272]
337936,2019-06-15,9316.0,9099.0,1,[0.695]
340519,2019-06-16,9108.0,9100.0,1,[0.656]
340519,2019-06-16,9442.0,9150.0,1,[1.699]
340519,2019-06-16,9150.0,9508.0,1,[2.076]
341428,2019-06-15,9131.0,8536.0,1,[2.416]
343724,2019-06-15,8747.0,8393.0,1,[0.276]
345088,2019-06-15,9152.0,9508.0,1,[1.932]
345088,2019-06-15,9508.0,9367.0,1,[0.722]
345088,2019-06-15,9367.0,9152.0,1,[1.185]
346088,2019-06-15,9008.0,9009.0,1,[0.347]
346432,2019-06-16,9074.0,8993.0,1,[0.833]
346432,2019-06-16,8993.0,9376.0,1,[0.708]
350703,2019-06-16,9041.0,9102.0,1,[0.716]
350703,2019-06-16,9102.0,9488.0,1,[2.351]
350750,2019-06-15,9302.0,9411.0,1,[0.965]
351426,2019-06-15,9288.0,9059.0,1,[0.392]
354534,2019-06-15,9508.0,9106.0,1,[1.818]
354571,2019-06-16,9126.0,9059.0,1,[0.464]
355642,2019-06-16,9060.0,9295.0,1,[0.77]
355642,2019-06-16,9295.0,9035.0,1,[1.141]
355642,2019-06-16,9035.0,9295.0,1,[1.138]
357048,2019-06-16,9031.0,8508.0,1,[1.025]
357497,2019-06-15,9059.0,9034.0,1,[0.439]
357497,2019-06-15,9034.0,9059.0,1,[0.434]
357497,2019-06-16,9059.0,9034.0,1,[0.451]
357497,2019-06-16,9034.0,9398.0,1,[0.853]
357497,2019-06-16,9398.0,9059.0,1,[0.635]
358588,2019-06-15,8993.0,9321.0,1,[1.308]
358777,2019-06-16,8924.0,7025.0,1,[2.281]
358777,2019-06-16,7025.0,8678.0,1,[0.428]
358777,2019-06-16,8678.0,8680.0,1,[0.308]
358777,2019-06-16,8680.0,7025.0,1,[0.404]
360760,2019-06-16,8765.0,8722.0,1,[0.949]
360802,2019-06-15,9452.0,8268.0,1,[4.096]
360802,2019-06-15,9707.0,8236.0,1,[3.108]
360802,2019-06-15,8236.0,8268.0,1,[0.116]
362926,2019-06-16,9034.0,9153.0,1,[1.185]
363263,2019-06-15,8540.0,9958.0,1,[1.755]
364356,2019-06-15,9290.0,9376.0,1,[0.512]
364356,2019-06-15,9376.0,10550.0,1,[1.125]
366001,2019-06-16,9010.0,9508.0,1,[2.251]
366001,2019-06-16,9508.0,9168.0,1,[1.725]
366001,2019-06-16,9168.0,9010.0,1,[0.839]
366445,2019-06-15,9397.0,9488.0,1,[0.881]
366445,2019-06-15,9488.0,9100.0,1,[2.204]
367069,2019-06-15,9101.0,8948.0,1,[0.927]
367612,2019-06-15,9321.0,9288.0,1,[0.65]
367612,2019-06-15,9288.0,9321.0,1,[0.65]
368125,2019-06-15,8157.0,6940.0,1,[1.739]
371485,2019-06-16,9060.0,9681.0,1,[1.343]
376734,2019-06-15,9105.0,9015.0,1,[0.883]
378470,2019-06-16,9149.0,9058.0,1,[0.833]
378470,2019-06-16,9058.0,9317.0,1,[0.802]
378470,2019-06-16,9317.0,9149.0,1,[0.55]
385056,2019-06-15,9135.0,9034.0,1,[0.687]
385056,2019-06-15,9034.0,8993.0,1,[0.482]
385056,2019-06-15,8993.0,9135.0,1,[0.829]
388107,2019-06-16,8908.0,8948.0,1,[0.464]
389288,2019-06-15,9288.0,9131.0,1,[0.328]
390152,2019-06-15,9012.0,8387.0,1,[2.527]
390152,2019-06-15,8387.0,9388.0,1,[2.85]
390152,2019-06-15,9388.0,8387.0,1,[2.831]
390152,2019-06-16,8694.0,9376.0,1,[2.451]
390152,2019-06-16,9376.0,9062.0,1,[0.095]
390152,2019-06-16,9062.0,9059.0,1,[0.306]
390152,2019-06-16,9059.0,8387.0,1,[2.541]
392914,2019-06-15,9488.0,8665.0,1,[3.791]
397502,2019-06-15,6940.0,8989.0,1,[1.966]
399309,2019-06-16,8763.0,8988.0,1,[0.385]
399309,2019-06-16,8988.0,9035.0,1,[0.766]
399309,2019-06-16,9060.0,8988.0,1,[0.767]
399309,2019-06-16,9035.0,9048.0,1,[0.523]
399309,2019-06-16,9048.0,8990.0,1,[0.91]
401105,2019-06-16,9022.0,8946.0,1,[2.46]
403585,2019-06-15,9038.0,9041.0,1,[0.325]
406579,2019-06-16,8570.0,8524.0,1,[0.607]
407615,2019-06-16,8993.0,9508.0,1,[2.503]
408120,2019-06-15,9107.0,9508.0,1,[2.094]
409324,2019-06-15,8762.0,9060.0,1,[1.191]
412100,2019-06-15,8993.0,9408.0,1,[1.301]
413838,2019-06-16,9508.0,9488.0,1,[0.728]
424179,2019-06-15,9508.0,9317.0,1,[0.99]
424179,2019-06-16,9059.0,9102.0,1,[0.666]
424179,2019-06-16,9102.0,8925.0,1,[0.921]
424263,2019-06-16,8383.0,9679.0,1,[2.304]
425277,2019-06-16,9060.0,9045.0,1,[0.156]
427011,2019-06-15,9006.0,9687.0,1,[2.062]
427011,2019-06-15,9687.0,9072.0,1,[0.956]
427011,2019-06-15,9072.0,9006.0,1,[1.256]
427011,2019-06-16,9006.0,8771.0,1,[0.488]
428036,2019-06-16,9173.0,9384.0,1,[0.789]
428036,2019-06-16,9384.0,9114.0,1,[0.682]
431652,2019-06-16,9129.0,8982.0,1,[1.699]
431652,2019-06-16,9129.0,8954.0,1,[0.841]
431652,2019-06-16,8982.0,8749.0,1,[0.328]
431652,2019-06-16,8749.0,9034.0,1,[0.671]
431652,2019-06-16,9034.0,9022.0,1,[1.122]
431652,2019-06-16,9022.0,9687.0,1,[0.647]
431652,2019-06-16,9687.0,9129.0,1,[2.505]
431652,2019-06-16,8954.0,9100.0,1,[0.696]
431652,2019-06-16,9100.0,9129.0,1,[0.281]
438686,2019-06-16,9152.0,9382.0,1,[1.283]
439462,2019-06-15,9376.0,9057.0,1,[0.292]
439462,2019-06-15,9057.0,9034.0,1,[0.359]
439462,2019-06-15,9034.0,9376.0,1,[0.539]
440572,2019-06-16,9508.0,9492.0,1,[0.782]
441961,2019-06-15,9293.0,9174.0,1,[0.271]
441961,2019-06-15,9302.0,9174.0,1,[0.128]
445061,2019-06-16,8895.0,8890.0,1,[0.389]
445654,2019-06-15,8754.0,8541.0,1,[1.528]
445654,2019-06-15,8541.0,9697.0,1,[1.106]
448397,2019-06-16,8704.0,8953.0,1,[1.484]
448397,2019-06-16,8893.0,6993.0,1,[1.947]
448397,2019-06-16,6993.0,10858.0,1,[4.824]
448397,2019-06-16,10858.0,9035.0,1,[1.958]
449054,2019-06-16,9037.0,8917.0,1,[1.225]
449323,2019-06-15,9097.0,8678.0,1,[2.658]
449610,2019-06-15,9130.0,8959.0,1,[0.854]
449610,2019-06-15,8959.0,9132.0,1,[0.909]
449610,2019-06-16,9130.0,9421.0,1,[1.681]
449610,2019-06-16,9130.0,9063.0,1,[0.555]
449610,2019-06-16,9421.0,9420.0,1,[0.956]
449610,2019-06-16,9420.0,9059.0,1,[0.777]
449610,2019-06-16,9059.0,9068.0,1,[0.434]
449610,2019-06-16,9059.0,9130.0,1,[0.458]
449610,2019-06-16,9068.0,9059.0,1,[0.543]
449610,2019-06-16,9063.0,9132.0,1,[0.582]
449761,2019-06-16,8891.0,9131.0,1,[1.736]
450238,2019-06-15,7011.0,8722.0,1,[1.078]
450238,2019-06-15,8722.0,7011.0,1,[1.09]
451142,2019-06-16,9328.0,9168.0,1,[0.649]
451142,2019-06-16,9168.0,9103.0,1,[0.423]
455269,2019-06-15,9006.0,9716.0,1,[1.918]
455269,2019-06-16,9044.0,9697.0,1,[1.649]
457389,2019-06-15,8946.0,7028.0,1,[2.233]
457389,2019-06-15,8946.0,9101.0,1,[0.723]
457389,2019-06-15,7028.0,7011.0,1,[0.684]
457389,2019-06-15,7011.0,8657.0,1,[0.776]
457389,2019-06-15,8657.0,8946.0,1,[0.818]
458435,2019-06-15,9166.0,8993.0,1,[1.248]
458435,2019-06-15,8993.0,9045.0,1,[0.514]
458435,2019-06-15,9045.0,9109.0,1,[0.459]
458435,2019-06-15,9109.0,9720.0,1,[2.685]
458670,2019-06-15,9108.0,8737.0,1,[1.861]
458670,2019-06-16,8895.0,8737.0,1,[1.775]
472106,2019-06-15,9688.0,8751.0,1,[1.802]
479879,2019-06-15,8658.0,8988.0,1,[1.353]
481134,2019-06-15,9324.0,9022.0,1,[1.767]
481134,2019-06-15,9022.0,8534.0,1,[0.504]
481134,2019-06-15,8534.0,9035.0,1,[0.965]
481134,2019-06-15,9035.0,8683.0,1,[2.235]
481134,2019-06-15,8683.0,8891.0,1,[1.641]
481134,2019-06-16,9406.0,9376.0,1,[0.523]
481134,2019-06-16,9376.0,9718.0,1,[1.027]
481134,2019-06-16,9718.0,8685.0,1,[2.85]
481134,2019-06-16,8685.0,8702.0,1,[0.604]
481134,2019-06-16,8702.0,8891.0,1,[1.261]
481467,2019-06-15,9115.0,9034.0,1,[0.491]
481483,2019-06-15,9059.0,9149.0,1,[0.632]
483319,2019-06-16,9012.0,9044.0,1,[0.66]
483319,2019-06-16,9044.0,9035.0,1,[0.453]
483319,2019-06-16,9035.0,9388.0,1,[0.793]
483319,2019-06-16,9388.0,9037.0,1,[1.618]
484737,2019-06-15,8685.0,8694.0,1,[0.229]
484737,2019-06-15,8694.0,9435.0,1,[3.373]
485373,2019-06-16,9152.0,8773.0,1,[1.316]
485373,2019-06-16,8773.0,8988.0,1,[0.237]
487391,2019-06-16,8771.0,9035.0,1,[1.069]
487391,2019-06-16,9035.0,9006.0,1,[0.773]
487391,2019-06-16,9006.0,9045.0,1,[0.611]
487391,2019-06-16,9045.0,9100.0,1,[0.879]
490498,2019-06-16,9366.0,8966.0,1,[1.825]
491718,2019-06-15,9034.0,9692.0,1,[1.471]
493761,2019-06-15,9508.0,9301.0,1,[1.294]
493761,2019-06-15,9301.0,9293.0,1,[0.137]
493761,2019-06-16,9293.0,9508.0,1,[1.389]
494810,2019-06-15,9451.0,9131.0,1,[1.565]
495104,2019-06-16,9376.0,9508.0,1,[1.164]
495513,2019-06-15,9491.0,8914.0,1,[2.91]
495513,2019-06-15,8914.0,9503.0,1,[2.876]
499062,2019-06-16,8532.0,9066.0,1,[0.499]
499179,2019-06-16,9131.0,8952.0,1,[1.211]
505144,2019-06-15,9099.0,9166.0,1,[0.504]
505599,2019-06-15,8552.0,9035.0,1,[1.269]
505741,2019-06-15,9290.0,9034.0,1,[0.952]
505741,2019-06-15,9034.0,9064.0,1,[0.917]
505741,2019-06-15,9064.0,9290.0,1,[0.058]
505741,2019-06-16,8993.0,9044.0,1,[0.543]
505741,2019-06-16,9044.0,9290.0,1,[0.695]
507700,2019-06-15,9039.0,9114.0,1,[0.5]
509746,2019-06-16,9064.0,9044.0,1,[0.579]
512660,2019-06-15,8946.0,8893.0,1,[0.409]
517274,2019-06-15,9436.0,9508.0,1,[0.595]
517912,2019-06-15,9101.0,8975.0,1,[0.314]
520035,2019-06-15,9059.0,9382.0,1,[0.678]
520035,2019-06-16,9290.0,9126.0,1,[0.461]
520035,2019-06-16,9126.0,9045.0,1,[0.415]
520035,2019-06-16,9045.0,9059.0,1,[0.321]
522423,2019-06-15,9295.0,9174.0,1,[0.512]
522423,2019-06-15,9174.0,9148.0,1,[0.402]
522423,2019-06-15,9174.0,9101.0,1,[0.629]
522423,2019-06-15,9112.0,9174.0,1,[0.586]
522423,2019-06-15,9148.0,9033.0,1,[1.316]
522423,2019-06-15,9148.0,9174.0,1,[0.451]
522423,2019-06-15,9033.0,9060.0,1,[0.577]
522423,2019-06-15,9060.0,9045.0,1,[0.465]
522423,2019-06-15,9045.0,9148.0,1,[0.751]
522423,2019-06-16,9149.0,9059.0,1,[0.649]
522423,2019-06-16,9059.0,9413.0,1,[0.704]
522423,2019-06-16,9413.0,9320.0,1,[0.503]
522423,2019-06-16,9320.0,9174.0,1,[0.479]
522423,2019-06-16,9174.0,9100.0,1,[0.513]
522423,2019-06-16,9100.0,9173.0,1,[0.461]
522423,2019-06-16,9173.0,9286.0,1,[0.53]
522423,2019-06-16,9286.0,9148.0,1,[0.467]
522423,2019-06-16,9148.0,9174.0,1,[0.454]
522520,2019-06-16,8658.0,8749.0,1,[1.258]
525678,2019-06-16,9772.0,9771.0,1,[0.17]
531810,2019-06-15,8771.0,8895.0,1,[0.882]
531810,2019-06-15,9488.0,8946.0,1,[3.093]
531810,2019-06-16,8968.0,9453.0,1,[2.467]
532687,2019-06-15,8749.0,9035.0,1,[1.371]
534031,2019-06-15,8689.0,8452.0,1,[1.566]
534031,2019-06-15,8452.0,8749.0,1,[0.487]
534031,2019-06-15,8749.0,8689.0,1,[1.18]
534128,2019-06-15,9040.0,9080.0,1,[1.335]
536042,2019-06-16,8689.0,8417.0,1,[1.972]
538963,2019-06-15,9059.0,9508.0,1,[1.426]
539853,2019-06-16,9012.0,9288.0,1,[0.625]
544375,2019-06-15,8565.0,9621.0,1,[0.729]
544375,2019-06-15,9621.0,8565.0,1,[0.729]
544943,2019-06-15,9058.0,9008.0,1,[0.97]
544943,2019-06-15,9008.0,9398.0,1,[1.788]
549803,2019-06-16,9389.0,9402.0,1,[0.251]
551178,2019-06-15,8722.0,9115.0,1,[1.83]
551178,2019-06-15,9115.0,9324.0,1,[0.935]
551178,2019-06-15,9324.0,9128.0,1,[0.92]
552948,2019-06-16,9108.0,8510.0,1,[1.912]
554096,2019-06-15,9382.0,9443.0,1,[0.956]
554096,2019-06-15,9443.0,9174.0,1,[1.448]
554660,2019-06-16,8908.0,8954.0,1,[0.885]
554660,2019-06-16,8954.0,8908.0,1,[0.871]
556679,2019-06-15,9344.0,9100.0,1,[1.117]
556679,2019-06-16,9376.0,9317.0,1,[0.745]
556679,2019-06-16,9317.0,9146.0,1,[0.832]
558433,2019-06-15,8724.0,9750.0,1,[3.597]
558617,2019-06-16,9492.0,9508.0,1,[0.743]
558617,2019-06-16,9508.0,10550.0,1,[0.511]
558617,2019-06-16,10550.0,9340.0,1,[0.464]
558617,2019-06-16,9340.0,9059.0,1,[0.859]
558617,2019-06-16,9059.0,9421.0,1,[1.349]
558617,2019-06-16,9421.0,9492.0,1,[0.492]
559857,2019-06-15,8956.0,9080.0,1,[0.618]
565116,2019-06-15,8662.0,9488.0,1,[3.853]
565116,2019-06-15,9488.0,9032.0,1,[2.217]
565116,2019-06-15,9032.0,6940.0,1,[1.967]
567252,2019-06-15,8324.0,9750.0,1,[2.079]
568458,2019-06-15,9008.0,9687.0,1,[2.407]
568458,2019-06-15,9008.0,9403.0,1,[1.935]
568458,2019-06-15,9687.0,9022.0,1,[0.757]
568458,2019-06-15,9022.0,9034.0,1,[0.72]
568458,2019-06-15,9034.0,9008.0,1,[1.13]
568458,2019-06-15,9403.0,9008.0,1,[1.93]
568546,2019-06-16,9022.0,8564.0,1,[0.642]
571139,2019-06-15,9376.0,9679.0,1,[1.221]
571139,2019-06-15,9679.0,9318.0,1,[2.003]
571139,2019-06-15,9318.0,9115.0,1,[0.928]
571139,2019-06-15,9115.0,9687.0,1,[2.006]
571139,2019-06-15,9687.0,9059.0,1,[1.962]
571190,2019-06-15,9406.0,9059.0,1,[0.73]
571190,2019-06-15,9059.0,9345.0,1,[0.935]
571190,2019-06-16,9412.0,9345.0,1,[0.141]
571382,2019-06-15,8890.0,8877.0,1,[0.104]
571382,2019-06-16,8956.0,8890.0,1,[0.666]
571382,2019-06-16,8890.0,8534.0,1,[2.968]
571464,2019-06-15,9034.0,9406.0,1,[1.029]
571585,2019-06-15,9376.0,9044.0,1,[0.559]
572253,2019-06-15,9421.0,9400.0,1,[0.597]
572253,2019-06-15,9400.0,9442.0,1,[1.046]
572253,2019-06-15,9442.0,9486.0,1,[0.845]
572253,2019-06-15,9044.0,8890.0,1,[1.632]
574731,2019-06-15,8920.0,9060.0,1,[1.62]
574731,2019-06-15,9060.0,9059.0,1,[0.379]
574731,2019-06-15,9059.0,8909.0,1,[1.275]
577061,2019-06-15,9691.0,9409.0,1,[1.612]
577061,2019-06-15,9409.0,9074.0,1,[0.421]
577061,2019-06-15,9074.0,9409.0,1,[0.393]
577061,2019-06-16,9034.0,9409.0,1,[1.04]
580047,2019-06-16,8680.0,8700.0,1,[0.425]
580207,2019-06-15,8963.0,9149.0,1,[0.96]
581599,2019-06-15,8892.0,8890.0,1,[0.113]
581599,2019-06-15,8890.0,8683.0,1,[1.315]
582445,2019-06-15,9101.0,9508.0,1,[1.757]
582445,2019-06-15,9508.0,9060.0,1,[1.356]
582870,2019-06-15,6940.0,8894.0,1,[0.959]
584915,2019-06-16,8676.0,7013.0,1,[0.604]
584915,2019-06-16,7013.0,7011.0,1,[0.199]
586535,2019-06-16,9065.0,9044.0,1,[0.505]
586535,2019-06-16,9044.0,9107.0,1,[0.523]
586535,2019-06-16,9107.0,9421.0,1,[1.595]
586535,2019-06-16,9421.0,9044.0,1,[1.208]
586774,2019-06-16,8536.0,8556.0,1,[0.369]
586774,2019-06-16,8556.0,9069.0,1,[1.225]
586774,2019-06-16,9069.0,9068.0,1,[0.216]
589634,2019-06-16,9376.0,9038.0,1,[0.73]
589889,2019-06-15,9491.0,9008.0,1,[2.473]
592849,2019-06-16,9012.0,9319.0,1,[1.024]
592849,2019-06-16,9319.0,9172.0,1,[0.36]
592849,2019-06-16,9172.0,9339.0,1,[0.588]
592849,2019-06-16,9339.0,9108.0,1,[1.207]
592849,2019-06-16,9108.0,9059.0,1,[0.468]
594867,2019-06-15,9034.0,9044.0,1,[0.135]
595854,2019-06-15,8920.0,9034.0,1,[1.062]
595854,2019-06-15,9034.0,8908.0,1,[1.063]
596568,2019-06-15,9321.0,8895.0,1,[2.057]
596568,2019-06-15,8895.0,9174.0,1,[1.655]
596568,2019-06-16,8678.0,9105.0,1,[2.855]
596568,2019-06-16,9105.0,9174.0,1,[0.579]
597438,2019-06-16,8677.0,8658.0,1,[1.772]
599683,2019-06-15,9172.0,9059.0,1,[0.567]
599683,2019-06-15,9059.0,9382.0,1,[0.432]
599683,2019-06-15,9382.0,9059.0,1,[0.426]
601774,2019-06-15,9295.0,9412.0,1,[0.511]
601774,2019-06-15,9412.0,9417.0,1,[0.552]
601774,2019-06-15,9417.0,8993.0,1,[1.522]
604755,2019-06-15,9687.0,9413.0,1,[1.814]
604983,2019-06-15,9034.0,9503.0,1,[1.944]
604983,2019-06-16,9503.0,8770.0,1,[2.809]
605305,2019-06-15,9508.0,9770.0,1,[1.434]
605305,2019-06-15,9770.0,9687.0,1,[0.983]
605305,2019-06-15,9687.0,9022.0,1,[0.84]
606259,2019-06-16,9066.0,9438.0,1,[1.265]
606259,2019-06-16,9438.0,8304.0,1,[3.25]
624534,2019-06-15,8678.0,6992.0,1,[0.311]
626499,2019-06-15,9342.0,9376.0,1,[0.654]
626499,2019-06-15,9376.0,9128.0,1,[0.671]
626757,2019-06-15,9442.0,9062.0,1,[1.207]
628116,2019-06-16,9508.0,9128.0,1,[1.905]
630851,2019-06-16,8716.0,9405.0,1,[2.955]
630851,2019-06-16,9405.0,8749.0,1,[2.425]
630851,2019-06-16,8749.0,8716.0,1,[0.541]
631496,2019-06-15,9319.0,9074.0,1,[0.967]
631496,2019-06-15,9074.0,9060.0,1,[0.48]
631631,2019-06-15,8480.0,8304.0,1,[0.644]
631631,2019-06-15,8304.0,8479.0,1,[0.64]
631631,2019-06-16,8510.0,8304.0,1,[1.052]
631631,2019-06-16,8304.0,8479.0,1,[0.597]
633991,2019-06-15,9508.0,9488.0,1,[0.633]
635151,2019-06-16,9421.0,9060.0,1,[0.83]
635151,2019-06-16,9060.0,9114.0,1,[0.59]
635151,2019-06-16,9114.0,9168.0,1,[0.851]
635151,2019-06-16,9168.0,9064.0,1,[0.798]
635151,2019-06-16,9420.0,9402.0,1,[0.535]
635151,2019-06-16,9402.0,9034.0,1,[0.884]
636423,2019-06-15,7011.0,9019.0,1,[2.657]
636423,2019-06-15,9019.0,8894.0,1,[2.785]
637018,2019-06-15,9101.0,8665.0,1,[1.55]
637018,2019-06-15,8665.0,8946.0,1,[0.602]
640441,2019-06-15,8762.0,9103.0,1,[1.282]
641131,2019-06-15,8769.0,9073.0,1,[1.558]
642494,2019-06-15,9376.0,9133.0,1,[0.876]
642494,2019-06-15,9133.0,8948.0,1,[1.126]
643193,2019-06-16,8877.0,9038.0,1,[1.539]
643807,2019-06-16,9034.0,9037.0,1,[0.353]
644823,2019-06-15,9301.0,9150.0,1,[0.654]
650104,2019-06-16,8525.0,8485.0,1,[0.509]
651420,2019-06-15,9383.0,6940.0,1,[2.639]
652071,2019-06-15,9011.0,8882.0,1,[1.056]
652071,2019-06-15,8880.0,9115.0,1,[1.325]
652071,2019-06-16,9103.0,9167.0,1,[0.401]
652071,2019-06-16,9167.0,8882.0,1,[1.758]
652071,2019-06-16,8882.0,9131.0,1,[1.497]
652071,2019-06-16,9131.0,9302.0,1,[0.798]
652071,2019-06-16,9131.0,9104.0,1,[0.574]
652071,2019-06-16,9302.0,9131.0,1,[0.783]
652235,2019-06-16,8493.0,8497.0,1,[0.007]
652326,2019-06-16,9065.0,9495.0,1,[1.446]
652326,2019-06-16,9495.0,9065.0,1,[1.455]
661662,2019-06-15,9105.0,9044.0,1,[1.359]
664963,2019-06-16,9488.0,9439.0,1,[0.581]
666036,2019-06-16,9013.0,9034.0,1,[0.59]
666036,2019-06-16,9013.0,9436.0,1,[1.624]
666036,2019-06-16,9034.0,9013.0,1,[0.595]
668498,2019-06-16,9439.0,8525.0,1,[2.677]
669924,2019-06-15,9172.0,9098.0,1,[0.562]
674493,2019-06-15,9059.0,9041.0,1,[0.178]
674493,2019-06-15,9041.0,9059.0,1,[0.263]
674493,2019-06-16,9041.0,9059.0,1,[0.099]
676314,2019-06-16,9373.0,9337.0,1,[0.385]
676314,2019-06-16,9337.0,9056.0,1,[1.027]
676314,2019-06-16,9056.0,9442.0,1,[1.279]
676314,2019-06-16,9442.0,9034.0,1,[1.395]
676314,2019-06-16,9034.0,9508.0,1,[1.994]
679406,2019-06-15,9498.0,9503.0,1,[0.047]
681481,2019-06-15,9037.0,8914.0,1,[0.755]
681481,2019-06-15,8914.0,9013.0,1,[0.78]
681481,2019-06-15,9013.0,8989.0,1,[0.673]
681481,2019-06-15,9013.0,9059.0,1,[0.572]
681481,2019-06-15,8989.0,9687.0,1,[1.822]
681481,2019-06-15,9324.0,9013.0,1,[1.159]
681481,2019-06-15,9059.0,8988.0,1,[0.741]
681481,2019-06-15,8988.0,9013.0,1,[0.471]
681481,2019-06-16,9012.0,9063.0,1,[0.705]
681481,2019-06-16,9063.0,9396.0,1,[0.888]
681481,2019-06-16,9032.0,9013.0,1,[0.676]
681481,2019-06-16,9013.0,9126.0,1,[0.364]
681481,2019-06-16,9126.0,9013.0,1,[0.388]
682989,2019-06-15,9150.0,9408.0,1,[1.203]
682989,2019-06-15,9408.0,8762.0,1,[1.853]
687176,2019-06-16,8771.0,8909.0,1,[0.458]
687176,2019-06-16,8909.0,9007.0,1,[0.671]
687321,2019-06-15,8954.0,8908.0,1,[0.552]
687321,2019-06-15,8908.0,8882.0,1,[0.213]
687857,2019-06-16,9034.0,9508.0,1,[2.062]
687857,2019-06-16,8891.0,8635.0,1,[0.49]
688568,2019-06-15,9409.0,9034.0,1,[1.132]
688568,2019-06-15,9034.0,9411.0,1,[1.069]
689235,2019-06-15,8768.0,8895.0,1,[1.14]
691606,2019-06-16,9367.0,9370.0,1,[0.169]
692137,2019-06-16,8925.0,8920.0,1,[0.351]
692137,2019-06-16,8920.0,8987.0,1,[1.057]
692137,2019-06-16,8987.0,9720.0,1,[2.77]
693005,2019-06-15,9328.0,9370.0,1,[0.586]
693005,2019-06-15,9370.0,9302.0,1,[0.7]
693005,2019-06-15,9302.0,8925.0,1,[1.791]
693005,2019-06-15,8925.0,8767.0,1,[0.472]
693884,2019-06-16,8775.0,9107.0,1,[0.631]
693884,2019-06-16,9107.0,9373.0,1,[1.322]
693884,2019-06-16,9373.0,10550.0,1,[0.207]
693884,2019-06-16,10550.0,9340.0,1,[0.482]
693884,2019-06-16,9340.0,10550.0,1,[0.482]
694712,2019-06-16,8525.0,8484.0,1,[1.013]
698395,2019-06-15,9045.0,9301.0,1,[0.909]
698395,2019-06-16,9045.0,9012.0,1,[0.418]
698395,2019-06-16,9012.0,9045.0,1,[0.417]
698756,2019-06-15,9508.0,9345.0,1,[0.783]
701063,2019-06-16,8570.0,9037.0,1,[2.541]
702225,2019-06-15,9376.0,9400.0,1,[0.777]
702225,2019-06-15,9400.0,9074.0,1,[0.505]
702225,2019-06-15,9074.0,9420.0,1,[0.418]
702225,2019-06-15,9420.0,9022.0,1,[0.557]
703195,2019-06-15,9112.0,9288.0,1,[0.448]
703195,2019-06-15,9288.0,9102.0,1,[0.507]
703353,2019-06-16,9022.0,9687.0,1,[0.719]
703353,2019-06-16,9687.0,9074.0,1,[1.241]
704208,2019-06-15,9740.0,9073.0,1,[1.289]
704596,2019-06-15,9520.0,9685.0,1,[1.183]
709180,2019-06-16,8975.0,9099.0,1,[0.317]
711264,2019-06-15,9127.0,9407.0,1,[1.024]
711264,2019-06-15,9407.0,9127.0,1,[1.023]
712774,2019-06-15,9101.0,8891.0,1,[1.323]
712774,2019-06-15,8891.0,9035.0,1,[2.273]
712774,2019-06-15,9035.0,8895.0,1,[2.127]
712774,2019-06-16,8891.0,8880.0,1,[0.544]
712774,2019-06-16,8880.0,8665.0,1,[0.388]
713130,2019-06-15,8534.0,8948.0,1,[2.665]
713130,2019-06-16,9520.0,9442.0,1,[0.72]
713130,2019-06-16,9442.0,8948.0,1,[2.634]
713130,2019-06-16,8948.0,9011.0,1,[0.825]
713130,2019-06-16,9011.0,8534.0,1,[1.901]
715089,2019-06-16,8157.0,8723.0,1,[1.773]
715803,2019-06-15,9059.0,9012.0,1,[0.788]
715803,2019-06-15,9100.0,9010.0,1,[0.495]
715803,2019-06-16,9010.0,9034.0,1,[1.041]
715803,2019-06-16,9034.0,9010.0,1,[1.052]
720323,2019-06-16,9065.0,9495.0,1,[1.443]
720323,2019-06-16,9495.0,9103.0,1,[2.159]
720323,2019-06-16,9103.0,9065.0,1,[0.907]
720972,2019-06-15,9063.0,9319.0,1,[0.781]
722979,2019-06-15,9428.0,9172.0,2,"[1.008, 0.966]"
722979,2019-06-15,9172.0,9428.0,2,"[1.008, 0.962]"
723973,2019-06-16,9380.0,9022.0,1,[1.493]
724227,2019-06-15,9412.0,9037.0,1,[1.443]
724227,2019-06-16,9102.0,9099.0,1,[0.369]
724227,2019-06-16,9099.0,9508.0,1,[2.15]
725257,2019-06-16,9059.0,8737.0,1,[2.192]
725257,2019-06-16,8737.0,9131.0,1,[2.292]
725741,2019-06-16,9391.0,9074.0,1,[0.14]
729404,2019-06-16,7003.0,8895.0,1,[1.943]
733142,2019-06-15,8986.0,9041.0,1,[0.777]
733142,2019-06-15,9041.0,8767.0,1,[0.874]
733142,2019-06-16,8988.0,9035.0,1,[1.228]
733142,2019-06-16,9035.0,9421.0,1,[1.07]
733142,2019-06-16,9421.0,9420.0,1,[0.553]
733142,2019-06-16,9420.0,9022.0,1,[0.665]
733142,2019-06-16,9022.0,8991.0,1,[1.091]
733142,2019-06-16,8991.0,8772.0,1,[0.792]
734403,2019-06-15,9044.0,8775.0,1,[1.065]
736507,2019-06-15,9132.0,9044.0,1,[0.722]
736507,2019-06-16,9100.0,9481.0,1,[1.875]
740865,2019-06-15,9508.0,9442.0,1,[0.448]
742134,2019-06-15,9420.0,9718.0,1,[0.893]
742134,2019-06-15,9718.0,9074.0,1,[1.064]
742134,2019-06-15,9074.0,9044.0,1,[0.403]
742134,2019-06-16,9044.0,9066.0,1,[0.554]
742134,2019-06-16,9066.0,9421.0,1,[0.775]
742134,2019-06-16,9421.0,9044.0,1,[1.132]
744497,2019-06-15,9319.0,9287.0,1,[0.587]
744497,2019-06-15,9287.0,9064.0,1,[0.421]
744497,2019-06-15,9064.0,9129.0,1,[0.616]
744497,2019-06-15,9129.0,9286.0,1,[0.371]
744784,2019-06-15,9104.0,8969.0,1,[0.518]
744949,2019-06-15,9381.0,9130.0,1,[0.74]
746193,2019-06-16,9496.0,9711.0,1,[2.094]
746620,2019-06-15,8769.0,8914.0,1,[0.068]
750772,2019-06-15,9453.0,8925.0,1,[2.751]
750772,2019-06-15,9035.0,9068.0,1,[0.382]
754088,2019-06-15,9454.0,9488.0,1,[0.356]
755191,2019-06-15,8987.0,8880.0,1,[0.901]
759837,2019-06-16,9060.0,9434.0,1,[0.994]
759837,2019-06-16,9373.0,9503.0,1,[0.673]
761664,2019-06-15,9059.0,9382.0,1,[0.461]
766805,2019-06-16,9692.0,9074.0,1,[1.381]
766805,2019-06-16,9074.0,9692.0,1,[1.38]
767465,2019-06-15,8880.0,9405.0,1,[2.607]
767472,2019-06-15,8895.0,8923.0,1,[0.153]
767472,2019-06-15,8923.0,8550.0,1,[2.879]
767472,2019-06-15,8550.0,8895.0,1,[2.891]
767779,2019-06-15,9172.0,9498.0,1,[1.449]
770651,2019-06-15,8771.0,8890.0,1,[0.382]
770651,2019-06-16,8963.0,8749.0,1,[1.352]
770651,2019-06-16,8749.0,8890.0,1,[1.152]
771225,2019-06-15,9380.0,9288.0,1,[0.406]
772275,2019-06-16,9508.0,9409.0,1,[1.047]
774289,2019-06-16,9408.0,9135.0,1,[0.587]
775997,2019-06-16,9386.0,9031.0,1,[1.023]
777768,2019-06-15,9298.0,8749.0,1,[2.956]
777768,2019-06-15,9298.0,9126.0,1,[0.727]
777768,2019-06-15,9298.0,9100.0,1,[0.731]
777768,2019-06-15,8749.0,9298.0,1,[2.953]
777768,2019-06-15,9126.0,9298.0,1,[0.724]
778427,2019-06-16,9034.0,8658.0,1,[1.854]
778427,2019-06-16,8658.0,8762.0,1,[1.223]
779957,2019-06-16,9105.0,9340.0,1,[1.051]
780932,2019-06-15,8508.0,9172.0,1,[2.324]
780932,2019-06-15,8508.0,9420.0,1,[0.872]
780932,2019-06-15,9172.0,8508.0,1,[2.283]
780932,2019-06-16,8508.0,9130.0,1,[2.014]
780932,2019-06-16,9130.0,9421.0,1,[1.603]
781213,2019-06-15,9011.0,8925.0,1,[0.902]
783364,2019-06-15,8989.0,9385.0,1,[1.569]
783944,2019-06-15,9411.0,8914.0,1,[1.986]
783944,2019-06-15,9411.0,9421.0,1,[0.537]
783944,2019-06-15,8914.0,9411.0,1,[2.1]
783944,2019-06-15,9421.0,9407.0,1,[0.797]
783944,2019-06-16,9411.0,9408.0,1,[0.107]
783944,2019-06-16,9408.0,9412.0,1,[0.231]
784147,2019-06-15,8744.0,8946.0,1,[1.586]
786190,2019-06-16,9022.0,9687.0,1,[0.802]
786190,2019-06-16,9687.0,9021.0,1,[1.249]
786190,2019-06-16,9034.0,9059.0,1,[0.513]
788200,2019-06-15,9099.0,9127.0,1,[0.591]
788200,2019-06-15,9127.0,9100.0,1,[0.332]
788200,2019-06-15,9100.0,9059.0,1,[0.775]
788200,2019-06-15,9059.0,9031.0,1,[0.709]
788200,2019-06-15,9031.0,9045.0,1,[0.64]
789320,2019-06-15,9153.0,9034.0,1,[1.219]
789320,2019-06-15,9034.0,9153.0,1,[1.211]
789935,2019-06-15,9495.0,8946.0,1,[3.077]
789935,2019-06-15,8946.0,9166.0,1,[1.077]
789935,2019-06-15,9166.0,9491.0,1,[2.073]
789935,2019-06-16,8882.0,9491.0,1,[3.189]
790359,2019-06-15,9169.0,9171.0,1,[0.027]
790449,2019-06-15,9370.0,8971.0,1,[1.717]
793532,2019-06-15,8914.0,8988.0,1,[0.521]
793532,2019-06-15,8988.0,8993.0,1,[0.269]
794156,2019-06-15,9149.0,9421.0,1,[1.833]
794156,2019-06-15,9421.0,9428.0,1,[0.748]
794156,2019-06-16,9172.0,9149.0,1,[0.31]
794156,2019-06-16,9149.0,9129.0,1,[0.024]
796388,2019-06-15,9376.0,9442.0,1,[1.107]
802250,2019-06-16,9302.0,9508.0,1,[1.214]
803691,2019-06-16,9410.0,9074.0,1,[0.575]
811200,2019-06-15,9012.0,8758.0,1,[0.944]
811200,2019-06-15,8758.0,9473.0,1,[2.66]
811200,2019-06-15,9414.0,9072.0,1,[0.704]
811200,2019-06-15,9072.0,9956.0,1,[1.639]
811200,2019-06-15,9956.0,8378.0,1,[3.738]
811200,2019-06-16,9035.0,9166.0,1,[1.48]
811200,2019-06-16,9166.0,8988.0,1,[1.382]
811200,2019-06-16,8988.0,9421.0,1,[1.829]
811200,2019-06-16,9039.0,9495.0,1,[2.221]
811200,2019-06-16,9447.0,9106.0,1,[1.902]
812403,2019-06-16,9409.0,9114.0,1,[1.196]
812403,2019-06-16,9114.0,9508.0,1,[1.741]
814266,2019-06-15,8975.0,9059.0,1,[0.86]
814304,2019-06-16,9074.0,9060.0,1,[0.407]
815970,2019-06-15,8890.0,9508.0,1,[3.082]
817285,2019-06-15,9687.0,8986.0,1,[1.955]
819330,2019-06-16,9304.0,9340.0,1,[0.521]
819330,2019-06-16,9340.0,9304.0,1,[0.524]
820063,2019-06-15,8996.0,8550.0,1,[1.013]
822635,2019-06-15,8924.0,9339.0,1,[1.989]
822829,2019-06-16,9059.0,8534.0,1,[1.449]
824885,2019-06-15,9031.0,9367.0,1,[1.681]
832229,2019-06-15,9037.0,9322.0,1,[1.258]
833055,2019-06-15,8771.0,9115.0,1,[1.001]
833055,2019-06-15,9115.0,9301.0,1,[0.85]
833168,2019-06-15,9288.0,9060.0,1,[0.501]
833168,2019-06-15,9288.0,9037.0,1,[0.636]
833168,2019-06-15,8515.0,9687.0,1,[0.451]
833168,2019-06-15,9687.0,8532.0,1,[0.518]
833168,2019-06-15,8532.0,9059.0,1,[1.183]
833168,2019-06-15,9059.0,9288.0,1,[0.453]
833168,2019-06-15,9037.0,9112.0,1,[0.524]
833168,2019-06-16,9135.0,9059.0,1,[0.39]
833168,2019-06-16,9059.0,8771.0,1,[0.978]
833196,2019-06-15,9707.0,8387.0,1,[3.026]
833196,2019-06-15,8399.0,9747.0,1,[2.846]
833242,2019-06-15,8895.0,9060.0,1,[1.94]
836686,2019-06-16,9295.0,9290.0,1,[0.126]
838640,2019-06-16,8993.0,9008.0,1,[0.508]
839438,2019-06-15,8678.0,8702.0,1,[0.55]
839508,2019-06-15,9069.0,9066.0,1,[0.136]
839806,2019-06-16,8268.0,8749.0,1,[3.395]
840305,2019-06-16,9048.0,9059.0,1,[0.714]
841239,2019-06-15,8157.0,8705.0,1,[1.202]
841294,2019-06-15,9340.0,9105.0,1,[1.135]
841294,2019-06-16,9342.0,9100.0,1,[1.398]
841294,2019-06-16,9100.0,8950.0,1,[0.679]
841294,2019-06-16,8950.0,9101.0,1,[0.735]
842737,2019-06-15,8536.0,9702.0,1,[1.196]
843785,2019-06-15,8744.0,8877.0,1,[1.489]
844307,2019-06-16,9048.0,9021.0,1,[0.53]
844307,2019-06-16,9021.0,9048.0,1,[0.532]
845316,2019-06-15,9378.0,9379.0,1,[0.014]
849215,2019-06-15,9298.0,9012.0,1,[0.945]
849215,2019-06-15,9012.0,9302.0,1,[1.046]
849215,2019-06-15,9302.0,9105.0,1,[0.782]
849215,2019-06-15,9105.0,9172.0,1,[0.62]
849215,2019-06-15,9172.0,9146.0,1,[0.567]
849215,2019-06-15,9146.0,9013.0,1,[0.838]
849215,2019-06-16,9319.0,8965.0,1,[1.44]
849215,2019-06-16,8965.0,9059.0,1,[0.973]
849215,2019-06-16,9302.0,9013.0,1,[1.111]
849215,2019-06-16,9013.0,9150.0,1,[0.84]
849215,2019-06-16,9150.0,9101.0,1,[0.051]
849215,2019-06-16,9101.0,9169.0,1,[0.407]
852623,2019-06-15,8914.0,8749.0,1,[0.617]
852623,2019-06-15,8749.0,8764.0,1,[0.534]
852623,2019-06-15,8764.0,10550.0,1,[2.363]
852623,2019-06-15,10550.0,9130.0,1,[1.195]
852623,2019-06-15,9130.0,9373.0,1,[1.073]
858837,2019-06-16,8948.0,8890.0,1,[0.532]
858837,2019-06-16,8890.0,9491.0,1,[3.231]
863237,2019-06-16,9376.0,9409.0,1,[0.218]
864686,2019-06-16,8957.0,9369.0,1,[1.945]
867303,2019-06-15,9101.0,8912.0,1,[1.287]
868835,2019-06-15,8893.0,9488.0,1,[3.411]
868835,2019-06-15,9488.0,9741.0,1,[1.181]
870600,2019-06-16,9044.0,9114.0,1,[0.488]
870600,2019-06-16,9114.0,9166.0,1,[0.648]
870600,2019-06-16,9039.0,9710.0,1,[2.817]
871534,2019-06-15,9128.0,9382.0,1,[0.728]
872252,2019-06-16,8770.0,9508.0,1,[2.431]
872989,2019-06-15,8763.0,9034.0,1,[1.008]
875517,2019-06-16,9105.0,8969.0,1,[0.464]
875696,2019-06-15,9034.0,9073.0,1,[0.578]
875696,2019-06-15,9073.0,9391.0,1,[0.292]
875696,2019-06-15,9391.0,9957.0,1,[1.462]
875696,2019-06-15,9957.0,9698.0,1,[0.718]
875696,2019-06-15,9698.0,9700.0,1,[0.023]
875696,2019-06-15,9700.0,9740.0,1,[0.231]
875696,2019-06-16,8678.0,8767.0,1,[1.694]
878363,2019-06-16,9412.0,9396.0,1,[0.844]
878363,2019-06-16,9396.0,9059.0,1,[1.186]
879372,2019-06-15,6940.0,9035.0,1,[3.291]
886386,2019-06-15,9373.0,9411.0,1,[0.658]
886386,2019-06-16,8925.0,9409.0,1,[2.155]
886674,2019-06-16,8749.0,8959.0,1,[0.918]
886674,2019-06-16,8959.0,9114.0,1,[0.697]
888645,2019-06-16,9490.0,8536.0,1,[2.128]
892340,2019-06-15,8764.0,8993.0,1,[0.511]
893036,2019-06-15,9761.0,8564.0,1,[0.468]
893036,2019-06-15,8564.0,8771.0,1,[3.063]
893036,2019-06-15,8771.0,8677.0,1,[1.952]
893904,2019-06-15,9318.0,9508.0,1,[1.155]
897011,2019-06-15,9376.0,8689.0,1,[2.806]
897404,2019-06-15,9129.0,8948.0,1,[0.93]
903187,2019-06-16,9042.0,9022.0,1,[1.034]
903187,2019-06-16,9022.0,8535.0,1,[1.111]
903187,2019-06-16,8535.0,9131.0,1,[1.984]
908208,2019-06-15,9376.0,9115.0,1,[0.604]
908208,2019-06-15,9060.0,9698.0,1,[1.425]
908208,2019-06-15,9698.0,9044.0,1,[1.52]
908268,2019-06-16,9034.0,9045.0,1,[0.374]
908268,2019-06-16,9045.0,9427.0,1,[1.067]
911016,2019-06-15,9420.0,9388.0,1,[0.063]
911977,2019-06-16,9126.0,9065.0,1,[0.803]
911977,2019-06-16,9065.0,9324.0,1,[0.554]
911977,2019-06-16,9324.0,9406.0,1,[0.384]
912083,2019-06-15,9455.0,8988.0,1,[2.433]
912083,2019-06-16,8895.0,8775.0,1,[1.024]
912083,2019-06-16,8775.0,8988.0,1,[0.374]
915087,2019-06-15,9150.0,9135.0,1,[0.629]
915087,2019-06-15,9135.0,8951.0,1,[1.312]
915087,2019-06-15,8951.0,9288.0,1,[1.388]
915087,2019-06-16,8535.0,9288.0,1,[1.975]
917628,2019-06-15,8882.0,9367.0,1,[2.453]
917628,2019-06-15,9367.0,9418.0,1,[0.749]
919879,2019-06-15,8992.0,9034.0,1,[0.161]
920465,2019-06-16,9344.0,9508.0,1,[0.784]
928201,2019-06-15,9290.0,9129.0,1,[0.631]
928201,2019-06-16,9100.0,9129.0,1,[0.394]
928270,2019-06-15,8532.0,9035.0,1,[0.728]
928270,2019-06-15,9035.0,8532.0,1,[0.727]
928653,2019-06-16,9045.0,8771.0,1,[1.051]
928713,2019-06-15,8442.0,8443.0,1,[0.002]
929213,2019-06-15,8694.0,8747.0,1,[0.591]
929213,2019-06-15,8747.0,8694.0,1,[0.59]
929213,2019-06-16,8694.0,8678.0,2,"[0.443, 0.435]"
929213,2019-06-16,8678.0,8694.0,2,"[0.435, 0.438]"
929260,2019-06-15,8771.0,9319.0,1,[1.738]
929260,2019-06-15,9319.0,9172.0,1,[0.377]
929260,2019-06-15,9172.0,9167.0,1,[0.379]
933577,2019-06-15,9062.0,9508.0,1,[1.662]
933577,2019-06-16,9114.0,9126.0,1,[0.055]
933577,2019-06-16,9126.0,9508.0,1,[1.681]
933577,2019-06-16,9508.0,9439.0,1,[0.15]
933954,2019-06-16,9403.0,9421.0,1,[0.137]
939175,2019-06-15,9290.0,7026.0,1,[3.166]
939432,2019-06-16,8658.0,8947.0,1,[0.678]
946561,2019-06-16,9172.0,9006.0,1,[1.16]
946561,2019-06-16,9006.0,9408.0,1,[1.356]
946837,2019-06-16,9508.0,9325.0,1,[0.972]
946837,2019-06-16,9325.0,9100.0,1,[1.258]
946837,2019-06-16,9100.0,8895.0,1,[1.007]
949284,2019-06-16,9519.0,9069.0,1,[1.623]
949284,2019-06-16,9069.0,8993.0,1,[0.893]
952336,2019-06-16,9168.0,9108.0,1,[0.894]
955990,2019-06-15,9298.0,8877.0,1,[2.196]
959579,2019-06-15,9728.0,8555.0,1,[0.553]
959579,2019-06-15,8555.0,9692.0,1,[0.601]
960345,2019-06-16,9410.0,9316.0,1,[0.776]
960345,2019-06-16,9316.0,9301.0,1,[0.063]
962658,2019-06-15,9404.0,8912.0,1,[2.226]
967689,2019-06-15,9508.0,9342.0,1,[0.893]
967895,2019-06-15,8768.0,8763.0,1,[0.168]
968596,2019-06-15,9340.0,9291.0,1,[0.47]
971961,2019-06-16,9376.0,9012.0,1,[1.047]
973853,2019-06-16,9100.0,8773.0,1,[1.058]
973853,2019-06-16,8773.0,9100.0,1,[1.104]
975181,2019-06-15,8762.0,9409.0,1,[2.115]
975207,2019-06-15,8324.0,8268.0,1,[1.628]
975207,2019-06-16,8324.0,8268.0,1,[1.628]
975728,2019-06-15,9108.0,8912.0,1,[0.947]
975728,2019-06-15,8912.0,9012.0,1,[0.906]
975728,2019-06-15,9012.0,8768.0,1,[0.738]
975728,2019-06-15,8768.0,9050.0,1,[1.434]
975728,2019-06-15,8768.0,8946.0,1,[0.792]
975728,2019-06-15,9050.0,8768.0,1,[1.42]
975728,2019-06-15,8946.0,9172.0,1,[1.446]
975728,2019-06-16,9108.0,9059.0,1,[0.534]
975728,2019-06-16,9108.0,8768.0,1,[0.752]
975728,2019-06-16,9059.0,9108.0,1,[0.501]
975728,2019-06-16,9107.0,9169.0,1,[0.853]
976771,2019-06-15,9385.0,9059.0,1,[0.52]
978273,2019-06-16,9495.0,9062.0,1,[1.522]
978273,2019-06-16,9062.0,9495.0,1,[1.527]
979666,2019-06-15,9108.0,9172.0,1,[0.672]
979666,2019-06-15,9172.0,9149.0,1,[0.404]
979666,2019-06-15,9149.0,9108.0,1,[0.43]
979666,2019-06-16,9108.0,9044.0,1,[0.729]
979666,2019-06-16,9044.0,9108.0,1,[0.731]
980170,2019-06-16,9508.0,9489.0,1,[0.951]
980170,2019-06-16,9489.0,9394.0,1,[0.988]
980170,2019-06-16,9394.0,9034.0,1,[0.976]
980170,2019-06-16,9034.0,9060.0,1,[0.473]
983336,2019-06-15,9059.0,8268.0,1,[4.011]
985800,2019-06-15,8895.0,8923.0,1,[0.005]
988335,2019-06-15,8764.0,9345.0,1,[1.985]
989512,2019-06-15,9421.0,9376.0,1,[0.969]
989512,2019-06-15,9376.0,9412.0,1,[0.55]
989512,2019-06-15,9412.0,9382.0,1,[0.497]
989512,2019-06-15,9382.0,9430.0,1,[0.685]
989512,2019-06-16,9041.0,8993.0,1,[0.356]
989512,2019-06-16,8993.0,8986.0,1,[0.608]
989512,2019-06-16,8986.0,8769.0,1,[0.181]
989512,2019-06-16,8769.0,9108.0,1,[0.879]
989512,2019-06-16,9108.0,9132.0,1,[0.409]
989512,2019-06-16,9132.0,9043.0,1,[0.614]
990442,2019-06-15,9014.0,9286.0,1,[0.561]
990442,2019-06-15,9286.0,9014.0,1,[0.545]
990442,2019-06-16,9172.0,9014.0,1,[0.604]
990442,2019-06-16,9014.0,9106.0,1,[0.023]
991976,2019-06-15,9126.0,9060.0,1,[0.737]
991976,2019-06-15,9060.0,9321.0,1,[0.741]
992803,2019-06-16,9034.0,9006.0,1,[0.724]
992803,2019-06-16,9006.0,8964.0,1,[0.535]
992803,2019-06-16,8964.0,8951.0,1,[0.401]
1001722,2019-06-15,9508.0,9044.0,1,[1.877]
1001722,2019-06-15,9044.0,9035.0,1,[0.536]
1001722,2019-06-15,9044.0,9060.0,1,[0.047]
1001722,2019-06-15,9035.0,9044.0,1,[0.438]
1001722,2019-06-16,9508.0,9044.0,1,[1.78]
1002239,2019-06-15,9345.0,9059.0,1,[0.758]
1002239,2019-06-15,9059.0,8773.0,1,[1.17]
1002239,2019-06-15,8773.0,9006.0,1,[0.416]
1002239,2019-06-15,9006.0,8768.0,1,[0.537]
1002425,2019-06-16,8157.0,8749.0,1,[1.41]
1003833,2019-06-15,9437.0,9422.0,1,[0.43]
1003833,2019-06-15,9422.0,9437.0,1,[0.429]
1007571,2019-06-15,9461.0,8565.0,1,[2.326]
1007571,2019-06-16,8570.0,9709.0,1,[0.332]
1007571,2019-06-16,8570.0,8536.0,1,[0.692]
1007571,2019-06-16,9709.0,8570.0,1,[0.335]
1007571,2019-06-16,8536.0,8575.0,1,[0.799]
1007571,2019-06-16,8575.0,9710.0,1,[0.23]
1007571,2019-06-16,9697.0,8575.0,1,[0.852]
1008827,2019-06-16,9152.0,9391.0,1,[1.571]
1009045,2019-06-15,8925.0,9153.0,1,[1.117]
1009045,2019-06-15,9153.0,9102.0,1,[0.222]
1009092,2019-06-16,9169.0,9174.0,1,[0.168]
1012418,2019-06-16,9060.0,9687.0,1,[1.547]
1012418,2019-06-16,9687.0,9044.0,1,[1.596]
1012418,2019-06-16,9044.0,9064.0,1,[0.409]
1012418,2019-06-16,9064.0,8968.0,1,[1.174]
1014033,2019-06-15,8490.0,8477.0,1,[0.816]
1016982,2019-06-16,9407.0,9455.0,1,[1.114]
1016982,2019-06-16,9455.0,9407.0,1,[1.114]
1017461,2019-06-15,9112.0,9508.0,1,[1.674]
1017588,2019-06-15,8570.0,9410.0,1,[2.082]
1019864,2019-06-16,9687.0,8762.0,1,[2.375]
1023229,2019-06-16,9420.0,9692.0,1,[0.767]
1024227,2019-06-16,9289.0,8766.0,1,[1.593]
1025831,2019-06-15,9491.0,9469.0,1,[0.368]
1026622,2019-06-16,7028.0,8895.0,1,[2.18]
1030099,2019-06-16,9073.0,9508.0,1,[1.364]
1031587,2019-06-16,9044.0,9436.0,1,[1.28]
1033261,2019-06-15,9473.0,9421.0,1,[0.547]
1033261,2019-06-15,9421.0,9441.0,1,[0.543]
1035922,2019-06-16,8921.0,8689.0,1,[2.068]
1040302,2019-06-15,9386.0,8678.0,1,[2.694]
1041967,2019-06-15,9508.0,9747.0,1,[2.269]
1043002,2019-06-15,9411.0,8891.0,1,[2.525]
1044095,2019-06-15,9428.0,9044.0,1,[1.021]
1044095,2019-06-15,9428.0,9031.0,1,[1.684]
1044095,2019-06-15,9044.0,9012.0,1,[0.642]
1044095,2019-06-15,9012.0,9428.0,1,[1.49]
1044095,2019-06-15,8895.0,8635.0,1,[0.736]
1044095,2019-06-16,9428.0,9013.0,1,[1.502]
1044095,2019-06-16,9428.0,9432.0,1,[0.004]
1044095,2019-06-16,9013.0,9127.0,1,[0.472]
1044095,2019-06-16,9127.0,9432.0,1,[1.241]
1044095,2019-06-16,9432.0,9046.0,1,[1.831]
1044095,2019-06-16,9432.0,9428.0,1,[0.006]
1045227,2019-06-16,9059.0,9060.0,1,[0.313]
1045227,2019-06-16,9060.0,9288.0,1,[0.534]
1045227,2019-06-16,9288.0,9413.0,1,[0.73]
1045383,2019-06-15,8701.0,9153.0,1,[2.645]
1052298,2019-06-15,8770.0,9398.0,1,[2.082]
1054362,2019-06-15,9059.0,8924.0,1,[1.435]
1056365,2019-06-16,9410.0,8159.0,1,[3.431]
1059351,2019-06-15,9035.0,9054.0,1,[0.06]
1059885,2019-06-16,9045.0,9508.0,1,[1.641]
1060977,2019-06-15,9044.0,9101.0,1,[1.239]
1061249,2019-06-16,8895.0,9034.0,1,[1.818]
1061249,2019-06-16,9034.0,8657.0,1,[1.926]
1061850,2019-06-16,9037.0,8453.0,1,[1.932]
1064934,2019-06-16,9385.0,9153.0,1,[1.204]
1064934,2019-06-16,9153.0,9060.0,1,[1.055]
1064934,2019-06-16,9060.0,9153.0,1,[1.045]
1065175,2019-06-16,9013.0,9034.0,1,[0.469]
1069106,2019-06-15,8948.0,8922.0,1,[0.265]
1069537,2019-06-15,9520.0,9452.0,1,[0.376]
1070372,2019-06-16,9710.0,8541.0,1,[0.689]
1071108,2019-06-15,8915.0,9060.0,1,[1.55]
1071108,2019-06-15,9060.0,9411.0,1,[0.652]
1071891,2019-06-16,9508.0,9406.0,1,[1.229]
1073110,2019-06-15,8775.0,9168.0,1,[1.248]
1073110,2019-06-15,9168.0,8880.0,1,[1.891]
1075386,2019-06-15,8558.0,8477.0,1,[1.051]
1075386,2019-06-15,8477.0,8558.0,1,[1.043]
1078295,2019-06-15,9409.0,9044.0,1,[0.95]
1082260,2019-06-15,8954.0,8775.0,1,[0.512]
1087399,2019-06-15,9103.0,9039.0,1,[0.797]
1088248,2019-06-15,9044.0,9508.0,1,[1.88]
1094810,2019-06-15,9100.0,9096.0,1,[0.249]
1094810,2019-06-15,9096.0,9100.0,1,[0.251]
1098668,2019-06-15,9421.0,9436.0,1,[0.752]
1099440,2019-06-15,9127.0,9035.0,1,[1.243]
1099440,2019-06-15,9127.0,9317.0,1,[0.596]
1099440,2019-06-15,9035.0,9034.0,1,[0.167]
1099440,2019-06-15,9034.0,9041.0,1,[0.579]
1099440,2019-06-15,9041.0,9127.0,1,[0.527]
1099440,2019-06-15,9317.0,9373.0,1,[0.516]
1099440,2019-06-15,9373.0,9149.0,1,[1.11]
1099440,2019-06-16,9289.0,9060.0,1,[0.77]
1099440,2019-06-16,9060.0,9687.0,1,[1.377]
1099440,2019-06-16,9687.0,9691.0,1,[0.496]
1099440,2019-06-16,9691.0,9127.0,1,[2.54]
1099440,2019-06-16,9127.0,9135.0,1,[0.427]
1099440,2019-06-16,9135.0,9129.0,1,[0.419]
1099697,2019-06-15,9060.0,9126.0,1,[0.892]
1099697,2019-06-15,9126.0,8922.0,1,[1.105]
1099722,2019-06-15,9408.0,9073.0,1,[0.491]
1100017,2019-06-15,8993.0,8767.0,1,[0.812]
1100517,2019-06-16,9345.0,9080.0,1,[1.796]
1103156,2019-06-15,9044.0,8948.0,1,[1.45]
1107350,2019-06-16,9037.0,9106.0,1,[0.415]
1110354,2019-06-16,9059.0,9034.0,1,[0.478]
1112814,2019-06-15,9012.0,8913.0,1,[0.821]
1112814,2019-06-16,8678.0,8908.0,1,[1.649]
1113745,2019-06-15,9065.0,9072.0,1,[0.497]
1113745,2019-06-15,9072.0,9059.0,1,[0.778]
1113745,2019-06-16,9072.0,8948.0,1,[2.055]
1113745,2019-06-16,8948.0,9072.0,1,[2.053]
1115008,2019-06-15,9383.0,8895.0,1,[2.189]
1116570,2019-06-16,9733.0,8545.0,1,[0.469]
1122123,2019-06-15,8895.0,9151.0,1,[1.362]
1122123,2019-06-15,9151.0,8924.0,1,[1.048]
1122307,2019-06-15,8678.0,8693.0,1,[0.738]
1123514,2019-06-15,9287.0,8880.0,1,[1.768]
1123514,2019-06-15,8880.0,9287.0,1,[1.77]
1124400,2019-06-15,8678.0,8268.0,1,[2.286]
1125549,2019-06-16,8895.0,9059.0,1,[1.745]
1125549,2019-06-16,9045.0,9108.0,1,[0.404]
1125549,2019-06-16,9108.0,9150.0,1,[0.779]
1126924,2019-06-15,8895.0,8946.0,1,[0.22]
1128241,2019-06-15,9439.0,9710.0,1,[2.389]
1130106,2019-06-15,8989.0,9413.0,1,[1.937]
1133863,2019-06-15,9410.0,9069.0,1,[0.764]
1133863,2019-06-15,9376.0,9407.0,1,[0.588]
1133863,2019-06-15,9407.0,9376.0,1,[0.694]
1135989,2019-06-15,9034.0,8525.0,1,[1.819]
1137031,2019-06-15,8914.0,9376.0,1,[1.427]
1137031,2019-06-15,9376.0,9126.0,1,[0.814]
1137031,2019-06-15,9126.0,9060.0,1,[0.812]
1137031,2019-06-16,9060.0,9319.0,1,[0.967]
1137031,2019-06-16,9319.0,9376.0,1,[0.976]
1137238,2019-06-16,9131.0,9059.0,1,[0.207]
1140412,2019-06-15,8915.0,10858.0,1,[3.341]
1148390,2019-06-15,9388.0,8565.0,1,[1.037]
1148390,2019-06-15,8565.0,9708.0,1,[0.838]
1148390,2019-06-15,9036.0,9150.0,1,[1.121]
1148390,2019-06-15,9150.0,9172.0,1,[0.529]
1149296,2019-06-16,9034.0,8993.0,1,[0.301]
1150672,2019-06-15,9150.0,9286.0,1,[0.467]
1154407,2019-06-16,9149.0,9068.0,1,[1.232]
1154407,2019-06-16,9068.0,9149.0,1,[1.228]
1154732,2019-06-15,8758.0,8658.0,1,[0.869]
1154732,2019-06-15,8658.0,8890.0,1,[0.29]
1156258,2019-06-15,9487.0,9039.0,1,[2.02]
1156523,2019-06-16,9135.0,9114.0,1,[0.271]
1156523,2019-06-16,9114.0,9135.0,1,[0.266]
1160607,2019-06-16,9128.0,9115.0,1,[0.042]
1160607,2019-06-16,9115.0,9069.0,1,[0.971]
1160607,2019-06-16,9069.0,9059.0,1,[0.888]
1162996,2019-06-15,9022.0,9034.0,1,[1.061]
1162996,2019-06-16,9034.0,9044.0,1,[0.359]
1166387,2019-06-16,9322.0,9108.0,1,[1.115]
1167243,2019-06-15,9413.0,9366.0,1,[0.45]
1167243,2019-06-15,9366.0,9169.0,1,[0.766]
1167243,2019-06-15,9169.0,9302.0,1,[0.359]
1167243,2019-06-16,9059.0,9130.0,1,[0.535]
1169654,2019-06-16,9105.0,8525.0,1,[3.565]
1169654,2019-06-16,8525.0,9059.0,1,[2.358]
1169654,2019-06-16,9059.0,8658.0,1,[2.096]
1175292,2019-06-15,9012.0,9034.0,1,[0.476]
1179936,2019-06-16,9959.0,9340.0,1,[2.164]
1180829,2019-06-15,8986.0,9488.0,1,[2.89]
1184701,2019-06-15,9132.0,9102.0,1,[0.472]
1184701,2019-06-15,9062.0,9376.0,1,[0.044]
1184701,2019-06-15,9376.0,9062.0,1,[0.04]
1184701,2019-06-16,9383.0,9428.0,1,[0.564]
1184701,2019-06-16,9383.0,9413.0,1,[0.407]
1184701,2019-06-16,9428.0,9383.0,1,[0.557]
1184701,2019-06-16,9413.0,9408.0,1,[0.234]
1184701,2019-06-16,9062.0,9321.0,1,[0.855]
1184701,2019-06-16,9321.0,9065.0,1,[0.687]
1185465,2019-06-15,9008.0,9007.0,1,[0.02]
1187065,2019-06-16,8775.0,9096.0,1,[0.986]
1187944,2019-06-15,9034.0,8678.0,1,[2.221]
1188301,2019-06-15,9148.0,8995.0,1,[1.06]
1188301,2019-06-15,8995.0,8770.0,1,[0.779]
1188301,2019-06-15,8770.0,8890.0,1,[0.828]
1188381,2019-06-16,8891.0,6940.0,1,[1.237]
1188893,2019-06-15,8748.0,8680.0,1,[1.21]
1188893,2019-06-15,8748.0,8393.0,1,[0.519]
1188893,2019-06-15,8680.0,8748.0,1,[1.235]
1188893,2019-06-15,8393.0,8748.0,1,[0.501]
1188893,2019-06-16,8678.0,9044.0,1,[2.349]
1188893,2019-06-16,9044.0,8749.0,1,[1.034]
1188893,2019-06-16,8749.0,8748.0,1,[0.67]
1192709,2019-06-15,8268.0,8236.0,1,[0.024]
1192723,2019-06-16,8716.0,8678.0,1,[0.571]
1193361,2019-06-15,8877.0,6940.0,1,[1.224]
1198502,2019-06-15,8509.0,9376.0,1,[1.432]
1198554,2019-06-16,9034.0,9153.0,1,[1.186]
1199689,2019-06-16,9035.0,9044.0,1,[0.412]
1199689,2019-06-16,9044.0,8733.0,1,[1.388]
1199689,2019-06-16,8733.0,8692.0,1,[1.002]
1201938,2019-06-16,8304.0,8678.0,1,[2.338]
1203541,2019-06-15,9043.0,9064.0,1,[0.441]
1205026,2019-06-16,9733.0,9644.0,1,[0.851]
1206331,2019-06-16,8988.0,9488.0,1,[2.382]
1206331,2019-06-16,9488.0,8749.0,1,[3.122]
1207801,2019-06-16,9701.0,8994.0,1,[2.2]
1207801,2019-06-16,8994.0,9701.0,1,[2.192]
1208644,2019-06-16,9021.0,9498.0,1,[1.821]
1208644,2019-06-16,9498.0,8993.0,1,[2.108]
1213447,2019-06-15,8658.0,8988.0,1,[1.375]
1214338,2019-06-16,9488.0,9421.0,1,[0.47]
1214338,2019-06-16,9421.0,9494.0,1,[0.53]
1214997,2019-06-16,8545.0,9012.0,1,[2.772]
1215166,2019-06-15,9013.0,8268.0,1,[2.893]
1217724,2019-06-15,8694.0,8693.0,1,[0.148]
1223588,2019-06-15,9407.0,9687.0,1,[1.599]
1223588,2019-06-15,9687.0,9394.0,1,[0.908]
1223588,2019-06-15,9394.0,9422.0,1,[0.468]
1223588,2019-06-15,9422.0,9428.0,1,[0.426]
1223588,2019-06-15,9304.0,9345.0,1,[0.63]
1224190,2019-06-15,9388.0,9044.0,1,[0.991]
1226038,2019-06-15,9290.0,8974.0,1,[1.274]
1226038,2019-06-15,8974.0,9152.0,1,[0.505]
1227094,2019-06-15,8968.0,8761.0,1,[1.104]
1227094,2019-06-15,8761.0,8968.0,1,[1.105]
1229773,2019-06-16,9105.0,9293.0,1,[0.769]
1230406,2019-06-15,9006.0,9031.0,1,[0.504]
1230406,2019-06-15,9031.0,9006.0,1,[0.478]
1230406,2019-06-16,8987.0,8995.0,1,[0.416]
1230717,2019-06-16,9072.0,9065.0,1,[0.594]
1230717,2019-06-16,9065.0,9340.0,1,[0.727]
1233956,2019-06-15,9006.0,8678.0,1,[1.824]
1233956,2019-06-15,8678.0,8907.0,1,[1.4]
1235546,2019-06-16,9520.0,9508.0,1,[0.718]
1235777,2019-06-15,9342.0,9167.0,1,[1.073]
1237190,2019-06-15,9105.0,9103.0,1,[0.453]
1238457,2019-06-15,8763.0,9325.0,1,[2.058]
1238457,2019-06-15,9108.0,8772.0,1,[0.711]
1238457,2019-06-15,8772.0,9149.0,1,[1.02]
1238457,2019-06-15,9149.0,9133.0,1,[0.277]
1240140,2019-06-15,9074.0,9342.0,1,[0.806]
1245817,2019-06-16,9321.0,9508.0,1,[0.707]
1245870,2019-06-16,9103.0,9288.0,1,[0.503]
1256131,2019-06-16,9710.0,9344.0,1,[2.843]
1257826,2019-06-15,9407.0,9060.0,1,[0.613]
1259389,2019-06-16,8678.0,8389.0,1,[0.77]
1259389,2019-06-16,8389.0,9621.0,1,[2.231]
1261627,2019-06-16,9520.0,9391.0,1,[1.247]
1262592,2019-06-15,8532.0,9035.0,1,[0.716]
1262592,2019-06-15,9035.0,8532.0,1,[0.723]
1262592,2019-06-16,8532.0,9034.0,1,[0.846]
1262592,2019-06-16,9034.0,8532.0,1,[0.845]
1262755,2019-06-15,9135.0,9344.0,1,[0.77]
1262769,2019-06-15,9319.0,8895.0,1,[2.323]
1262966,2019-06-15,9452.0,9448.0,1,[0.285]
1263500,2019-06-15,9037.0,8993.0,1,[0.471]
1264851,2019-06-16,9345.0,9402.0,1,[0.948]
1265060,2019-06-15,9424.0,9408.0,1,[0.568]
1265060,2019-06-15,9408.0,9062.0,1,[0.481]
1265060,2019-06-15,9062.0,9508.0,1,[1.205]
1267019,2019-06-15,9126.0,9295.0,1,[0.6]
1267019,2019-06-15,9295.0,9126.0,1,[0.6]
1268601,2019-06-16,8564.0,8534.0,1,[0.283]
1268601,2019-06-16,8534.0,9022.0,1,[0.616]
1269444,2019-06-15,9302.0,9411.0,1,[0.885]
1269444,2019-06-15,9411.0,9498.0,1,[0.638]
1269876,2019-06-15,8743.0,9376.0,1,[1.564]
1269876,2019-06-15,9376.0,9045.0,1,[0.554]
1269876,2019-06-15,9045.0,9321.0,1,[0.961]
1271041,2019-06-15,8954.0,8967.0,1,[0.01]
1271439,2019-06-15,9319.0,8956.0,1,[1.623]
1271892,2019-06-16,8749.0,9298.0,1,[2.924]
1271892,2019-06-16,9298.0,8749.0,1,[2.924]
1274106,2019-06-15,9040.0,8914.0,1,[0.986]
1274106,2019-06-16,9034.0,9074.0,1,[0.623]
1276775,2019-06-15,9045.0,8947.0,1,[1.571]
1276775,2019-06-16,9413.0,8947.0,1,[2.133]
1276775,2019-06-16,8947.0,8924.0,1,[0.161]
1277147,2019-06-16,9708.0,8565.0,1,[0.021]
1279839,2019-06-16,9508.0,9713.0,1,[2.445]
1283546,2019-06-15,9073.0,9398.0,1,[0.269]
1283824,2019-06-15,6940.0,9406.0,1,[3.821]
1283824,2019-06-15,9406.0,9410.0,1,[0.371]
1283824,2019-06-16,9408.0,8738.0,1,[2.954]
1288302,2019-06-16,9034.0,9173.0,1,[1.514]
1288302,2019-06-16,9173.0,9044.0,1,[1.218]
1290376,2019-06-15,9320.0,9443.0,1,[1.138]
1290376,2019-06-15,9443.0,8742.0,1,[2.894]
1291119,2019-06-15,9105.0,9107.0,1,[0.911]
1291328,2019-06-16,8890.0,8895.0,1,[0.808]
1296064,2019-06-15,9109.0,8454.0,1,[2.467]
1296396,2019-06-15,8923.0,9105.0,1,[1.059]
1297604,2019-06-15,9508.0,9383.0,1,[1.157]
1297604,2019-06-15,9383.0,9034.0,1,[0.931]
1297604,2019-06-15,9034.0,9383.0,1,[0.976]
1297604,2019-06-16,9508.0,9383.0,1,[1.199]
1297604,2019-06-16,9383.0,9376.0,1,[0.379]
1297604,2019-06-16,9376.0,9383.0,1,[0.371]
1297968,2019-06-15,8304.0,9098.0,1,[3.809]
1301231,2019-06-16,9060.0,9366.0,1,[1.083]
1303901,2019-06-15,9019.0,9074.0,1,[1.202]
1303901,2019-06-15,9074.0,8989.0,1,[1.386]
1307944,2019-06-16,9492.0,8700.0,1,[4.113]
1311365,2019-06-16,9345.0,9442.0,1,[0.503]
1314183,2019-06-15,9044.0,9034.0,1,[0.395]
1314434,2019-06-15,9687.0,9034.0,1,[1.702]
1315476,2019-06-16,9059.0,9034.0,1,[0.485]
1315476,2019-06-16,9034.0,8762.0,1,[0.771]
1318472,2019-06-15,8948.0,9080.0,1,[0.542]
1318472,2019-06-16,9022.0,8678.0,1,[1.796]
1319930,2019-06-15,9688.0,8513.0,1,[0.823]
1319930,2019-06-15,8513.0,8536.0,1,[0.761]
1319930,2019-06-15,8536.0,9152.0,1,[3.253]
1319930,2019-06-15,9152.0,8536.0,1,[3.219]
1320535,2019-06-15,9304.0,9105.0,1,[0.968]
1324668,2019-06-15,9398.0,9421.0,1,[0.502]
1325983,2019-06-16,9321.0,9130.0,1,[0.722]
1325983,2019-06-16,9130.0,9288.0,1,[0.169]
1325983,2019-06-16,9288.0,9131.0,1,[0.195]
1329101,2019-06-16,9152.0,9508.0,1,[1.633]
1329759,2019-06-15,9288.0,9166.0,1,[0.551]
1329759,2019-06-15,9166.0,9304.0,1,[0.438]
1329759,2019-06-15,9304.0,9037.0,1,[1.154]
1332300,2019-06-16,9166.0,9301.0,1,[0.571]
1335876,2019-06-15,8895.0,8948.0,1,[0.495]
1335982,2019-06-15,8749.0,8683.0,1,[0.649]
1340078,2019-06-15,8678.0,9342.0,1,[3.188]
1340078,2019-06-15,9342.0,8532.0,1,[1.502]
1340078,2019-06-15,8532.0,9342.0,1,[1.507]
1340323,2019-06-16,9046.0,9035.0,1,[0.422]
1340323,2019-06-16,9035.0,9006.0,1,[0.739]
1340323,2019-06-16,9006.0,8954.0,1,[0.634]
1341264,2019-06-15,8157.0,8678.0,1,[0.468]
1342565,2019-06-15,9367.0,9710.0,1,[2.648]
1353370,2019-06-16,9004.0,9060.0,1,[0.883]
1353370,2019-06-16,9060.0,9171.0,1,[1.314]
1356903,2019-06-16,9366.0,8955.0,1,[1.764]
1356903,2019-06-16,8955.0,8771.0,1,[0.658]
1356903,2019-06-16,8771.0,8967.0,1,[0.572]
1361961,2019-06-15,9126.0,9342.0,1,[1.009]
1361961,2019-06-16,9412.0,9344.0,1,[0.411]
1363410,2019-06-15,9034.0,8775.0,1,[0.868]
1363410,2019-06-16,9034.0,8775.0,1,[0.88]
1364644,2019-06-15,9398.0,9072.0,1,[0.429]
1364644,2019-06-15,9493.0,9449.0,1,[0.531]
1365653,2019-06-15,8765.0,8722.0,1,[0.808]
1365653,2019-06-15,8722.0,8989.0,1,[0.833]
1365653,2019-06-15,8989.0,8998.0,1,[0.713]
1365653,2019-06-15,8998.0,9021.0,1,[0.622]
1366436,2019-06-15,9366.0,9034.0,1,[1.48]
1366653,2019-06-15,8766.0,8920.0,1,[0.446]
1369404,2019-06-15,9022.0,9718.0,1,[1.406]
1369404,2019-06-15,9718.0,9006.0,1,[2.705]
1369404,2019-06-15,9006.0,8895.0,1,[1.077]
1372908,2019-06-15,9488.0,9455.0,1,[0.004]
1372985,2019-06-15,9428.0,9173.0,1,[1.198]
1372985,2019-06-15,9173.0,9129.0,1,[0.475]
1374270,2019-06-15,9520.0,9072.0,1,[1.508]
1374270,2019-06-15,8678.0,9044.0,1,[2.538]
1374270,2019-06-15,9044.0,8749.0,1,[1.325]
1374270,2019-06-16,8749.0,9958.0,1,[2.929]
1374270,2019-06-16,9958.0,9508.0,1,[1.615]
1374270,2019-06-16,9508.0,9131.0,1,[1.704]
1374270,2019-06-16,8678.0,8749.0,1,[1.568]
1374844,2019-06-15,9060.0,9718.0,1,[1.226]
1377152,2019-06-15,9376.0,9022.0,1,[0.954]
1377152,2019-06-15,9022.0,8564.0,1,[0.425]
1377152,2019-06-15,8564.0,8534.0,1,[0.387]
1377152,2019-06-15,8534.0,9384.0,1,[1.722]
1379672,2019-06-15,8764.0,9048.0,1,[1.368]
1383307,2019-06-15,8890.0,9101.0,1,[1.691]
1388493,2019-06-15,9072.0,9750.0,1,[1.714]
1388493,2019-06-15,9750.0,9075.0,1,[1.666]
1388493,2019-06-16,9750.0,9072.0,1,[1.725]
1390203,2019-06-15,9045.0,8158.0,1,[2.669]
1390753,2019-06-15,8678.0,8763.0,1,[1.52]
1390753,2019-06-15,8763.0,9044.0,1,[1.066]
1392067,2019-06-15,9080.0,8741.0,1,[1.978]
1392067,2019-06-15,8741.0,7028.0,1,[0.853]
1392067,2019-06-15,7028.0,8741.0,1,[0.85]
1392067,2019-06-16,8741.0,9508.0,1,[3.742]
1392067,2019-06-16,9508.0,8741.0,1,[3.742]
1392360,2019-06-15,9044.0,9065.0,1,[0.453]
1392360,2019-06-15,9065.0,9436.0,1,[1.067]
1392360,2019-06-15,9436.0,9319.0,1,[0.99]
1392729,2019-06-16,9688.0,9288.0,1,[2.194]
1392951,2019-06-16,9366.0,9328.0,1,[0.397]
1392951,2019-06-16,9328.0,9152.0,1,[0.648]
1395528,2019-06-15,8758.0,8877.0,1,[0.568]
1400509,2019-06-16,9059.0,7016.0,1,[2.505]
1400925,2019-06-16,9014.0,8956.0,1,[0.531]
1403685,2019-06-15,9290.0,9060.0,1,[0.52]
1403685,2019-06-15,9060.0,9108.0,1,[0.581]
1403685,2019-06-15,9108.0,9060.0,1,[0.694]
1403890,2019-06-15,9033.0,9099.0,1,[1.553]
1404646,2019-06-16,9103.0,9495.0,1,[2.318]
1404646,2019-06-16,9495.0,9959.0,1,[1.064]
1404646,2019-06-16,9959.0,9496.0,1,[1.409]
1405353,2019-06-15,9044.0,9376.0,1,[0.46]
1405353,2019-06-15,9044.0,9021.0,1,[0.898]
1405353,2019-06-15,9376.0,9044.0,1,[0.419]
1405420,2019-06-15,9035.0,9410.0,1,[1.119]
1405835,2019-06-16,9413.0,9319.0,1,[0.526]
1406926,2019-06-15,9290.0,9060.0,1,[0.516]
1406926,2019-06-15,9060.0,9099.0,1,[1.291]
1406926,2019-06-16,8749.0,8678.0,1,[0.793]
1407439,2019-06-15,9289.0,8954.0,1,[0.848]
1408586,2019-06-16,9411.0,9508.0,1,[0.686]
1408586,2019-06-16,9508.0,9099.0,1,[2.219]
1409407,2019-06-15,9437.0,8922.0,1,[2.756]
1410071,2019-06-15,9378.0,9012.0,1,[0.722]
1410071,2019-06-15,9391.0,8762.0,1,[1.66]
1416149,2019-06-15,9044.0,9011.0,1,[0.59]
1416149,2019-06-16,9035.0,9108.0,1,[0.765]
1416149,2019-06-16,9108.0,9043.0,1,[0.399]
1416149,2019-06-16,9043.0,9107.0,1,[0.392]
1416953,2019-06-15,9710.0,8417.0,1,[2.377]
1418580,2019-06-16,9340.0,9031.0,1,[1.655]
1418874,2019-06-15,8993.0,9048.0,1,[0.836]
1418874,2019-06-15,8993.0,9041.0,1,[0.574]
1418874,2019-06-15,9048.0,8993.0,1,[0.851]
1419786,2019-06-15,8952.0,9044.0,1,[1.535]
1419786,2019-06-15,9044.0,8947.0,1,[1.608]
1420261,2019-06-16,8402.0,8383.0,1,[0.249]
1421877,2019-06-15,9008.0,9126.0,1,[0.617]
1422348,2019-06-16,9127.0,9059.0,1,[0.808]
1423761,2019-06-15,9126.0,9288.0,1,[0.3]
1427030,2019-06-15,9169.0,9135.0,1,[0.679]
1427030,2019-06-15,9135.0,9108.0,1,[0.477]
1427519,2019-06-16,9319.0,8913.0,1,[1.925]
1427843,2019-06-16,8924.0,9345.0,1,[2.073]
1428726,2019-06-16,8525.0,9491.0,1,[2.59]
1430088,2019-06-16,8536.0,8481.0,1,[0.397]
1430152,2019-06-16,9698.0,9495.0,1,[1.137]
1433679,2019-06-15,9508.0,8895.0,1,[2.964]
1433899,2019-06-15,8499.0,8525.0,1,[0.341]
1438288,2019-06-15,8455.0,8532.0,1,[1.004]
1438352,2019-06-15,8658.0,9298.0,1,[2.135]
1438352,2019-06-15,9298.0,9408.0,1,[0.95]
1438414,2019-06-15,9100.0,9289.0,1,[0.643]
1438414,2019-06-15,9289.0,8754.0,1,[1.865]
1438414,2019-06-15,9294.0,9439.0,1,[0.864]
1439432,2019-06-16,9108.0,9107.0,1,[0.002]
1441773,2019-06-16,9319.0,9345.0,1,[0.373]
1442467,2019-06-16,9059.0,9407.0,1,[0.553]
1442776,2019-06-16,9008.0,8762.0,1,[0.507]
1442776,2019-06-16,8762.0,9008.0,1,[0.508]
1444197,2019-06-16,9385.0,9341.0,1,[0.836]
1445449,2019-06-16,9376.0,9497.0,1,[1.128]
1447570,2019-06-16,8541.0,7024.0,1,[3.368]
1451623,2019-06-15,9741.0,9345.0,1,[1.746]
1454306,2019-06-16,9034.0,8159.0,1,[2.148]
1455267,2019-06-15,8658.0,9508.0,1,[3.429]
1459231,2019-06-15,9685.0,8551.0,1,[0.384]
1459231,2019-06-15,8551.0,9319.0,1,[1.791]
1459231,2019-06-15,9319.0,9063.0,1,[0.755]
1459231,2019-06-15,9063.0,8552.0,1,[1.189]
1459231,2019-06-15,8552.0,8555.0,1,[0.219]
1460183,2019-06-15,9044.0,9073.0,1,[0.41]
1460183,2019-06-15,9073.0,8678.0,1,[2.894]
1464379,2019-06-16,9060.0,9034.0,1,[0.288]
1464379,2019-06-16,9034.0,9684.0,1,[1.131]
1464379,2019-06-16,9684.0,8665.0,1,[3.314]
1464641,2019-06-15,9034.0,8703.0,1,[1.735]
1464641,2019-06-15,8703.0,9746.0,1,[3.875]
1464951,2019-06-15,9037.0,9060.0,1,[0.641]
1468562,2019-06-15,9045.0,9508.0,1,[1.584]
1468562,2019-06-15,9508.0,9008.0,1,[2.258]
1468734,2019-06-16,8911.0,8907.0,1,[0.008]
1473553,2019-06-15,9421.0,9290.0,1,[1.253]
1474232,2019-06-16,9380.0,9324.0,1,[0.439]
1477429,2019-06-16,8908.0,8948.0,1,[0.473]
1477429,2019-06-16,8948.0,9059.0,1,[1.397]
1477429,2019-06-16,9059.0,8920.0,1,[1.528]
1477429,2019-06-16,8920.0,8924.0,1,[0.447]
1479300,2019-06-16,8532.0,9406.0,1,[1.604]
1479300,2019-06-16,9406.0,9482.0,1,[0.877]
1480766,2019-06-15,9324.0,9436.0,1,[0.567]
1480766,2019-06-15,9436.0,9407.0,1,[0.512]
1480766,2019-06-15,9436.0,9406.0,1,[0.599]
1480766,2019-06-15,9407.0,9433.0,1,[0.468]
1481322,2019-06-15,8895.0,8925.0,1,[0.554]
1482021,2019-06-15,9041.0,9691.0,1,[2.209]
1483102,2019-06-16,9107.0,8508.0,1,[1.89]
1483535,2019-06-15,6940.0,9034.0,1,[3.398]
1485123,2019-06-16,9287.0,9328.0,1,[0.531]
1485437,2019-06-16,9031.0,8551.0,1,[1.31]
1486081,2019-06-15,8764.0,9035.0,2,"[0.89, 0.857]"
1486081,2019-06-15,9035.0,8764.0,1,[0.855]
1487413,2019-06-15,9172.0,8895.0,1,[1.705]
1487851,2019-06-15,7011.0,8726.0,1,[1.033]
1487851,2019-06-15,8726.0,7011.0,1,[0.725]
1487960,2019-06-16,7033.0,8702.0,1,[0.414]
1489695,2019-06-16,9508.0,8946.0,1,[3.001]
1491770,2019-06-15,8879.0,8923.0,1,[0.732]
1491770,2019-06-15,8923.0,8879.0,1,[0.739]
1498589,2019-06-15,9492.0,9751.0,1,[1.392]
1498589,2019-06-15,9751.0,9494.0,1,[1.287]
1498589,2019-06-15,9494.0,9433.0,1,[1.027]
1502181,2019-06-15,9345.0,9150.0,1,[1.185]
1503523,2019-06-15,9072.0,9508.0,1,[1.6]
1503523,2019-06-15,9072.0,9304.0,1,[1.407]
1503523,2019-06-15,9436.0,9044.0,1,[1.247]
1503523,2019-06-15,9044.0,9072.0,1,[0.527]
1503523,2019-06-15,9304.0,9408.0,1,[0.759]
1503523,2019-06-15,9408.0,9106.0,1,[1.147]
1503523,2019-06-16,9072.0,9490.0,1,[1.37]
1503523,2019-06-16,9490.0,9696.0,1,[1.018]
1503623,2019-06-15,8551.0,8268.0,1,[3.6]
1506107,2019-06-15,9295.0,9508.0,1,[1.145]
1506189,2019-06-16,9059.0,8764.0,1,[1.277]
1506189,2019-06-16,8764.0,9131.0,1,[1.269]
1506989,2019-06-15,9149.0,9172.0,1,[0.412]
1506989,2019-06-15,9172.0,9129.0,1,[0.414]
1506989,2019-06-16,9034.0,9129.0,1,[1.045]
1506989,2019-06-16,9129.0,9104.0,1,[0.037]
1509669,2019-06-15,8676.0,8711.0,1,[0.697]
1510565,2019-06-15,9372.0,8956.0,1,[1.954]
1510565,2019-06-15,8956.0,9369.0,1,[1.908]
1510565,2019-06-15,9369.0,9385.0,1,[0.598]
1512341,2019-06-16,9062.0,9403.0,1,[0.72]
1513234,2019-06-15,9019.0,9034.0,1,[1.12]
1513234,2019-06-15,9034.0,9044.0,1,[0.268]
1513594,2019-06-16,8662.0,9508.0,1,[3.547]
1513594,2019-06-16,9508.0,9167.0,1,[1.771]
1513594,2019-06-16,9167.0,8678.0,1,[2.943]
1513743,2019-06-16,9344.0,9127.0,1,[1.024]
1513743,2019-06-16,9127.0,9302.0,1,[0.692]
1515770,2019-06-15,9099.0,8481.0,1,[3.157]
1515770,2019-06-15,8481.0,9107.0,1,[2.304]
1515770,2019-06-15,9107.0,8481.0,1,[2.31]
1515770,2019-06-16,8481.0,9108.0,1,[2.304]
1515770,2019-06-16,9108.0,8481.0,1,[2.297]
1519279,2019-06-15,9508.0,8969.0,1,[2.528]
1520606,2019-06-15,9048.0,9060.0,1,[0.429]
1520606,2019-06-15,9060.0,9048.0,1,[0.419]
1520606,2019-06-16,9031.0,8775.0,1,[0.781]
1520606,2019-06-16,8775.0,9044.0,1,[0.938]
1522214,2019-06-15,7026.0,8921.0,1,[2.349]
1523031,2019-06-15,8484.0,8463.0,1,[0.841]
1524607,2019-06-15,9292.0,9108.0,1,[0.717]
1524607,2019-06-15,9108.0,8749.0,1,[1.301]
1524607,2019-06-15,8749.0,8678.0,1,[1.016]
1528153,2019-06-15,8916.0,9072.0,1,[2.193]
1528153,2019-06-15,9072.0,9592.0,3,"[2.154, 2.153, 2.153]"
1528153,2019-06-15,9592.0,9072.0,2,"[2.154, 2.153]"
1528153,2019-06-15,9592.0,8916.0,1,[3.712]
1528612,2019-06-15,9100.0,6940.0,1,[2.187]
1530863,2019-06-15,9323.0,9508.0,1,[0.954]
1531622,2019-06-15,9421.0,9492.0,1,[0.428]
1531622,2019-06-15,9073.0,9710.0,1,[2.096]
1532018,2019-06-15,8988.0,6940.0,1,[2.311]
1532018,2019-06-15,6940.0,8988.0,1,[2.311]
1533057,2019-06-15,9034.0,8430.0,1,[1.588]
1533877,2019-06-15,9167.0,9008.0,1,[1.156]
1533877,2019-06-15,9008.0,9167.0,1,[1.161]
1533877,2019-06-16,9167.0,9168.0,1,[0.04]
1534309,2019-06-16,9495.0,9135.0,1,[1.658]
1534401,2019-06-15,9316.0,9114.0,1,[0.695]
1534401,2019-06-15,9114.0,9060.0,1,[0.706]
1534401,2019-06-15,9060.0,9421.0,1,[1.353]
1534537,2019-06-16,9059.0,9037.0,1,[0.478]
1534537,2019-06-16,9037.0,9131.0,1,[0.584]
1537017,2019-06-15,9293.0,9433.0,1,[0.859]
1537017,2019-06-15,9433.0,9318.0,1,[0.587]
1537017,2019-06-15,9318.0,9321.0,1,[0.016]
1539857,2019-06-16,8532.0,8956.0,1,[2.364]
1539857,2019-06-16,8956.0,9006.0,1,[0.562]
1539857,2019-06-16,9006.0,9106.0,1,[0.558]
1545378,2019-06-15,9381.0,9013.0,1,[0.933]
1545378,2019-06-15,9394.0,9408.0,1,[0.628]
1545378,2019-06-15,9408.0,9288.0,1,[0.589]
1545433,2019-06-15,8890.0,8895.0,1,[0.594]
1548483,2019-06-15,9288.0,9034.0,1,[0.761]
1549577,2019-06-15,9406.0,9390.0,1,[0.648]
1554357,2019-06-16,8678.0,8268.0,1,[2.902]
1554357,2019-06-16,8268.0,8678.0,1,[2.834]
1555083,2019-06-16,9098.0,9102.0,1,[0.011]
1555174,2019-06-16,8948.0,8959.0,1,[0.737]
1555317,2019-06-16,9129.0,9099.0,1,[0.4]
1555357,2019-06-16,9488.0,9373.0,1,[0.981]
1555357,2019-06-16,9373.0,9508.0,1,[0.491]
1556537,2019-06-15,8993.0,9112.0,1,[0.832]
1556537,2019-06-15,8993.0,9345.0,1,[1.447]
1556537,2019-06-15,9112.0,9293.0,1,[0.722]
1556537,2019-06-15,9293.0,8993.0,1,[1.278]
1556537,2019-06-16,8993.0,9688.0,1,[2.1]
1556537,2019-06-16,9688.0,9035.0,1,[1.323]
1556537,2019-06-16,9035.0,9391.0,1,[0.634]
1556537,2019-06-16,9391.0,9385.0,1,[0.266]
1556537,2019-06-16,9385.0,9391.0,1,[0.273]
1558832,2019-06-15,9114.0,9709.0,1,[2.865]
1558832,2019-06-16,9288.0,9115.0,1,[0.379]
1562360,2019-06-16,9031.0,9321.0,1,[1.601]
1562360,2019-06-16,9295.0,9044.0,1,[0.817]
1566609,2019-06-15,8986.0,8991.0,1,[0.535]
1568255,2019-06-16,9044.0,8725.0,1,[1.703]
1569509,2019-06-15,9126.0,9065.0,1,[0.654]
1571819,2019-06-15,9389.0,9394.0,1,[0.061]
1574973,2019-06-15,8771.0,8772.0,1,[0.003]
1575938,2019-06-16,9015.0,9149.0,1,[0.583]
1577371,2019-06-15,9150.0,8541.0,1,[3.402]
1578551,2019-06-15,9408.0,9436.0,1,[0.371]
1578551,2019-06-15,9436.0,9408.0,1,[0.39]
1579845,2019-06-15,9045.0,9014.0,1,[0.582]
1583337,2019-06-15,8975.0,9012.0,1,[0.513]
1583337,2019-06-15,9012.0,8975.0,1,[0.516]
1583337,2019-06-16,9129.0,8975.0,1,[0.459]
1583337,2019-06-16,8975.0,9302.0,1,[1.059]
1583337,2019-06-16,9302.0,8948.0,1,[1.555]
1584367,2019-06-16,9410.0,9436.0,1,[0.536]
1585300,2019-06-15,9435.0,9508.0,1,[0.803]
1585300,2019-06-15,9508.0,9398.0,1,[1.321]
1585300,2019-06-15,9398.0,9424.0,1,[0.403]
1586846,2019-06-16,9046.0,9041.0,1,[0.753]
1588774,2019-06-16,9148.0,8405.0,1,[3.121]
1589998,2019-06-16,9687.0,8773.0,1,[2.077]
1590226,2019-06-16,9702.0,9697.0,1,[0.087]
1590266,2019-06-16,9099.0,9039.0,1,[1.03]
1590373,2019-06-15,8393.0,8324.0,1,[1.197]
1590373,2019-06-15,8324.0,8393.0,1,[1.197]
1591134,2019-06-16,9135.0,9098.0,1,[0.97]
1593222,2019-06-15,8634.0,8686.0,1,[1.817]
1593222,2019-06-15,8686.0,8947.0,1,[2.552]
1593222,2019-06-16,8678.0,8686.0,1,[0.432]
1593222,2019-06-16,8686.0,9166.0,1,[3.094]
1593222,2019-06-16,8686.0,9105.0,1,[3.119]
1593222,2019-06-16,9105.0,8689.0,1,[3.054]
1593527,2019-06-15,9370.0,9496.0,1,[0.651]
1593870,2019-06-15,9443.0,9114.0,1,[1.732]
1596663,2019-06-15,9450.0,9508.0,1,[0.933]
1596663,2019-06-16,9127.0,9044.0,1,[0.723]
1596663,2019-06-16,9044.0,8564.0,1,[1.454]
1596663,2019-06-16,8564.0,8749.0,1,[1.44]
1597101,2019-06-15,8891.0,9132.0,1,[1.71]
1597101,2019-06-15,9132.0,8964.0,1,[0.913]
1597101,2019-06-15,8964.0,8891.0,1,[0.808]
1597101,2019-06-15,8956.0,9009.0,1,[0.204]
1597101,2019-06-16,9288.0,8770.0,1,[1.264]
1597101,2019-06-16,8770.0,9014.0,1,[0.488]
1597101,2019-06-16,9014.0,8954.0,1,[0.396]
1597101,2019-06-16,8954.0,8925.0,1,[0.12]
1599052,2019-06-16,9130.0,9131.0,1,[0.16]
1600561,2019-06-15,9073.0,9420.0,1,[0.441]
1600561,2019-06-15,9420.0,9488.0,1,[1.404]
1600561,2019-06-15,9488.0,9101.0,1,[2.255]
1600561,2019-06-15,9101.0,7016.0,1,[2.765]
1600561,2019-06-15,7016.0,8677.0,1,[0.587]
1600675,2019-06-16,9508.0,9752.0,1,[1.916]
1600845,2019-06-16,9045.0,8676.0,1,[2.293]
1602931,2019-06-15,9621.0,8268.0,1,[1.815]
1602931,2019-06-15,8268.0,9641.0,1,[1.897]
1602931,2019-06-15,9773.0,9520.0,1,[0.779]
1602931,2019-06-16,9638.0,9641.0,1,[0.057]
1608960,2019-06-16,9101.0,9496.0,1,[2.114]
1608960,2019-06-16,9496.0,8947.0,1,[2.845]
1609556,2019-06-15,9409.0,9679.0,1,[1.272]
1609556,2019-06-15,9679.0,9409.0,1,[1.272]
1609556,2019-06-16,9411.0,9409.0,1,[0.124]
1609656,2019-06-15,9004.0,9046.0,1,[0.545]
1611071,2019-06-15,9133.0,9108.0,1,[0.584]
1612779,2019-06-15,9126.0,9496.0,1,[1.804]
1612842,2019-06-16,9167.0,8921.0,1,[1.304]
1612842,2019-06-16,8921.0,8636.0,1,[0.82]
1613623,2019-06-16,9345.0,9101.0,1,[1.325]
1614071,2019-06-16,9421.0,9074.0,1,[0.934]
1614071,2019-06-16,9074.0,9340.0,1,[1.053]
1614121,2019-06-16,8658.0,8947.0,1,[0.932]
1615328,2019-06-15,8693.0,9410.0,1,[3.261]
1616045,2019-06-16,9107.0,9370.0,1,[1.381]
1616045,2019-06-16,9370.0,9319.0,1,[0.375]
1616045,2019-06-16,9319.0,9375.0,1,[0.48]
1616280,2019-06-16,9064.0,9114.0,1,[0.427]
1616920,2019-06-16,8763.0,9034.0,1,[0.726]
1616920,2019-06-16,9034.0,9128.0,1,[0.689]
1618077,2019-06-16,8946.0,9100.0,1,[0.796]
1618447,2019-06-15,9062.0,9130.0,1,[0.655]
1618447,2019-06-15,9130.0,9171.0,1,[0.605]
1618447,2019-06-16,9104.0,9301.0,1,[0.662]
1618447,2019-06-16,9301.0,9151.0,1,[0.628]
1623232,2019-06-15,9044.0,8772.0,1,[1.166]
1623232,2019-06-15,8772.0,9049.0,1,[1.309]
1623232,2019-06-15,9049.0,9007.0,1,[1.234]
1623232,2019-06-15,9007.0,9383.0,1,[1.372]
1623232,2019-06-15,9383.0,9150.0,1,[0.986]
1623232,2019-06-15,9150.0,8963.0,1,[1.077]
1623424,2019-06-16,9687.0,9021.0,1,[0.761]
1623424,2019-06-16,9021.0,8767.0,1,[1.76]
1623782,2019-06-15,9127.0,9432.0,1,[1.323]
1623782,2019-06-16,9293.0,9108.0,1,[0.812]
1623782,2019-06-16,9108.0,9038.0,1,[0.471]
1623782,2019-06-16,9038.0,8988.0,1,[0.447]
1624769,2019-06-15,9032.0,9751.0,1,[2.418]
1625390,2019-06-15,8882.0,8988.0,1,[0.852]
1630587,2019-06-15,9318.0,9126.0,1,[0.721]
1630923,2019-06-16,9062.0,8551.0,1,[1.079]
1635754,2019-06-15,9731.0,9508.0,1,[2.449]
1636624,2019-06-15,9520.0,9098.0,1,[2.683]
1636624,2019-06-15,9098.0,9060.0,1,[1.236]
1636624,2019-06-15,9060.0,9290.0,1,[0.435]
1636624,2019-06-15,9290.0,9302.0,1,[0.541]
1636624,2019-06-15,9302.0,9098.0,1,[1.018]
1636624,2019-06-16,9060.0,9098.0,1,[1.215]
1636676,2019-06-16,8909.0,9034.0,1,[1.677]
1636676,2019-06-16,9034.0,8909.0,1,[1.679]
1637466,2019-06-15,9041.0,9508.0,1,[2.112]
1637466,2019-06-15,9508.0,9171.0,1,[1.682]
1637466,2019-06-15,9171.0,9100.0,1,[0.512]
1639126,2019-06-15,9043.0,9436.0,1,[1.468]
1639126,2019-06-15,9436.0,9381.0,1,[0.871]
1639867,2019-06-16,8559.0,8545.0,1,[0.327]
1639867,2019-06-16,8545.0,8559.0,1,[0.328]
1640326,2019-06-15,9074.0,9398.0,1,[0.219]
1640326,2019-06-15,9398.0,9428.0,1,[0.592]
1640326,2019-06-15,9428.0,9060.0,1,[0.933]
1640326,2019-06-15,9060.0,9072.0,1,[0.491]
1640326,2019-06-16,9432.0,9428.0,1,[0.059]
1640858,2019-06-15,9298.0,9340.0,1,[0.536]
1640858,2019-06-15,9340.0,9131.0,1,[0.813]
1640858,2019-06-15,9131.0,9127.0,1,[0.418]
1640858,2019-06-15,9127.0,9167.0,1,[0.46]
1644730,2019-06-15,9290.0,9060.0,1,[0.577]
1644730,2019-06-15,9060.0,9044.0,1,[0.211]
1644730,2019-06-15,9044.0,9290.0,1,[0.718]
1648526,2019-06-16,9041.0,8268.0,1,[3.132]
1649020,2019-06-15,8511.0,8564.0,1,[0.984]
1649020,2019-06-15,8564.0,8754.0,1,[1.786]
1650290,2019-06-16,9391.0,9405.0,1,[0.315]
1650290,2019-06-16,9405.0,9073.0,1,[0.414]
1650290,2019-06-16,9073.0,8505.0,1,[1.614]
1658515,2019-06-15,8324.0,8983.0,1,[1.781]
1658515,2019-06-16,9127.0,9376.0,1,[0.766]
1659827,2019-06-15,9376.0,8947.0,1,[1.934]
1660006,2019-06-15,9048.0,8701.0,1,[2.361]
1660006,2019-06-16,9048.0,8701.0,1,[2.352]
1660966,2019-06-15,9063.0,9048.0,1,[0.485]
1660966,2019-06-15,9048.0,9376.0,1,[0.402]
1660966,2019-06-15,9376.0,8993.0,1,[0.899]
1660966,2019-06-15,8993.0,8705.0,1,[1.576]
1660966,2019-06-15,8705.0,8678.0,1,[0.514]
1660966,2019-06-15,8678.0,8716.0,1,[0.525]
1660966,2019-06-16,9290.0,9152.0,1,[0.934]
1661860,2019-06-16,9034.0,9060.0,1,[0.371]
1661860,2019-06-16,9060.0,9034.0,1,[0.438]
1661955,2019-06-15,9008.0,9491.0,1,[2.43]
1661955,2019-06-15,9491.0,9006.0,1,[2.43]
1662073,2019-06-16,9376.0,9013.0,1,[0.885]
1662364,2019-06-15,9508.0,9431.0,1,[0.655]
1662364,2019-06-15,9431.0,9381.0,1,[0.577]
1662364,2019-06-15,9381.0,9428.0,1,[0.667]
1662364,2019-06-15,9428.0,9369.0,1,[0.22]
1662364,2019-06-15,9369.0,9508.0,1,[0.622]
1664781,2019-06-15,9012.0,8895.0,1,[0.97]
1664781,2019-06-15,8895.0,8994.0,1,[1.308]
1664832,2019-06-15,9366.0,8525.0,1,[2.943]
1667816,2019-06-16,8895.0,9413.0,1,[2.574]
1669765,2019-06-15,8969.0,8890.0,1,[0.918]
1670592,2019-06-16,8490.0,8493.0,1,[0.009]
1673204,2019-06-16,8749.0,8157.0,1,[1.0]
1676343,2019-06-15,9385.0,9319.0,1,[0.633]
1676343,2019-06-15,9319.0,9063.0,1,[0.726]
1676343,2019-06-15,9063.0,9131.0,1,[0.43]
1676343,2019-06-15,9131.0,9398.0,1,[1.05]
1676343,2019-06-15,9398.0,9022.0,1,[1.135]
1676343,2019-06-15,9022.0,9420.0,1,[0.767]
1676343,2019-06-15,9420.0,9421.0,1,[0.343]
1676343,2019-06-15,9421.0,9414.0,1,[0.591]
1676343,2019-06-15,9414.0,9319.0,1,[0.849]
1676343,2019-06-16,9321.0,9060.0,1,[0.838]
1676343,2019-06-16,9060.0,9406.0,1,[0.735]
1676343,2019-06-16,9406.0,9319.0,1,[0.451]
1677285,2019-06-15,9006.0,9324.0,1,[1.631]
1677285,2019-06-15,9324.0,9436.0,1,[0.479]
1677285,2019-06-15,9436.0,9432.0,1,[0.178]
1677285,2019-06-15,9432.0,9034.0,1,[1.436]
1679573,2019-06-16,9035.0,9687.0,1,[1.459]
1679748,2019-06-15,8988.0,9114.0,1,[0.711]
1680302,2019-06-15,9321.0,9174.0,1,[0.564]
1680302,2019-06-16,9064.0,9174.0,1,[0.597]
1680761,2019-06-15,9488.0,8895.0,1,[3.448]
1682713,2019-06-15,9405.0,9454.0,1,[0.72]
1682713,2019-06-15,9454.0,9035.0,1,[1.455]
1682713,2019-06-15,9035.0,9034.0,1,[0.737]
1682713,2019-06-16,9410.0,9034.0,1,[1.212]
1684410,2019-06-16,9034.0,8157.0,1,[2.811]
1685492,2019-06-15,9014.0,8925.0,1,[0.733]
1685492,2019-06-15,8925.0,8878.0,1,[0.594]
1685492,2019-06-15,9382.0,8878.0,1,[2.233]
1685492,2019-06-15,8886.0,8995.0,1,[1.263]
1685492,2019-06-15,8995.0,8878.0,1,[1.222]
1685492,2019-06-16,9772.0,9520.0,1,[0.932]
1685492,2019-06-16,9520.0,9508.0,1,[0.582]
1685492,2019-06-16,9037.0,8956.0,1,[0.625]
1685492,2019-06-16,8956.0,9043.0,1,[1.071]
1685492,2019-06-16,9043.0,8878.0,1,[1.7]
1688172,2019-06-15,9099.0,9169.0,1,[0.392]
1688172,2019-06-15,9169.0,9012.0,1,[0.821]
1688172,2019-06-15,8993.0,8979.0,1,[0.727]
1688172,2019-06-15,8979.0,8749.0,1,[0.714]
1688172,2019-06-15,8749.0,8763.0,1,[0.582]
1688172,2019-06-15,8763.0,9006.0,1,[0.425]
1688172,2019-06-15,9006.0,9099.0,1,[1.152]
1691671,2019-06-15,8955.0,9063.0,1,[1.506]
1691671,2019-06-15,9063.0,8951.0,1,[1.527]
1691671,2019-06-15,8951.0,8988.0,1,[1.12]
1691671,2019-06-16,8988.0,8969.0,1,[1.126]
1692632,2019-06-15,8771.0,9044.0,1,[1.182]
1692632,2019-06-16,9011.0,8771.0,1,[0.633]
1698111,2019-06-15,9101.0,9059.0,1,[1.094]
1698111,2019-06-15,9059.0,8503.0,1,[1.734]
1698111,2019-06-15,8503.0,9059.0,1,[1.736]
1699939,2019-06-15,9011.0,9508.0,1,[2.407]
1700651,2019-06-15,8890.0,8895.0,1,[0.485]
1701245,2019-06-16,9107.0,8525.0,1,[2.75]
1702502,2019-06-16,8569.0,8304.0,1,[1.332]
1702798,2019-06-15,8965.0,9420.0,1,[1.563]
1702798,2019-06-15,9420.0,9043.0,1,[0.731]
1702798,2019-06-15,9043.0,9397.0,1,[0.917]
1702798,2019-06-15,9397.0,9420.0,1,[0.424]
1702798,2019-06-16,9687.0,9697.0,1,[0.46]
1702798,2019-06-16,9697.0,9034.0,1,[1.842]
1702798,2019-06-16,9034.0,9060.0,1,[0.458]
1707566,2019-06-16,9417.0,9407.0,1,[0.643]
1707566,2019-06-16,9407.0,9418.0,1,[0.639]
1709364,2019-06-15,9074.0,9373.0,1,[1.142]
1709364,2019-06-15,9373.0,9409.0,1,[0.765]
1709364,2019-06-16,9367.0,9074.0,1,[1.02]
1709364,2019-06-16,9074.0,9421.0,1,[0.539]
1709364,2019-06-16,9421.0,9373.0,1,[1.224]
1709887,2019-06-16,9114.0,9710.0,1,[2.917]
1713088,2019-06-16,8895.0,9064.0,1,[2.098]
1713088,2019-06-16,9064.0,9060.0,1,[0.453]
1713716,2019-06-16,8728.0,9060.0,1,[1.797]
1713716,2019-06-16,9045.0,8749.0,1,[1.518]
1715584,2019-06-15,9288.0,9508.0,1,[1.419]
1715917,2019-06-16,8536.0,9072.0,1,[1.663]
1715917,2019-06-16,8988.0,8993.0,1,[0.51]
1715917,2019-06-16,8993.0,8536.0,1,[2.22]
1715917,2019-06-16,9072.0,9034.0,1,[0.431]
1715917,2019-06-16,9034.0,8536.0,1,[1.921]
1716756,2019-06-16,9045.0,9034.0,1,[0.426]
1716756,2019-06-16,9034.0,9746.0,1,[2.486]
1716756,2019-06-16,9746.0,9166.0,1,[3.135]
1719296,2019-06-16,9508.0,8536.0,1,[2.959]
1724267,2019-06-15,9718.0,9048.0,1,[1.846]
1724267,2019-06-16,9718.0,9048.0,1,[1.857]
1725300,2019-06-16,8698.0,8268.0,1,[2.516]
1725920,2019-06-15,9045.0,9286.0,1,[0.573]
1725920,2019-06-15,9286.0,9154.0,1,[0.526]
1725937,2019-06-15,7011.0,8716.0,1,[0.873]
1727177,2019-06-15,9520.0,8764.0,1,[2.972]
1728208,2019-06-16,9436.0,9406.0,1,[0.566]
1728208,2019-06-16,9406.0,9038.0,1,[1.123]
1728208,2019-06-16,9038.0,9114.0,1,[0.528]
1728396,2019-06-15,9497.0,9337.0,1,[1.066]
1732671,2019-06-16,8268.0,8678.0,1,[2.233]
1732671,2019-06-16,8678.0,8268.0,1,[2.235]
1732938,2019-06-16,9103.0,9366.0,1,[1.092]
1736148,2019-06-16,9008.0,9058.0,1,[0.999]
1736638,2019-06-16,9037.0,8924.0,1,[1.091]
1739004,2019-06-15,9069.0,9059.0,1,[0.579]
1739004,2019-06-16,9301.0,8922.0,1,[1.841]
1741182,2019-06-15,9060.0,9404.0,1,[0.767]
1741182,2019-06-15,9404.0,9063.0,1,[0.606]
1743491,2019-06-15,8995.0,8771.0,1,[0.511]
1743491,2019-06-15,8771.0,9039.0,1,[0.694]
1743491,2019-06-15,9039.0,9172.0,1,[0.852]
1743491,2019-06-16,9039.0,9421.0,1,[1.561]
1743491,2019-06-16,9421.0,9074.0,1,[0.531]
1743491,2019-06-16,9074.0,9041.0,1,[1.046]
1743623,2019-06-16,8890.0,8954.0,1,[0.806]
1744954,2019-06-15,9302.0,9044.0,1,[1.118]
1744954,2019-06-15,9044.0,9411.0,1,[0.743]
1744954,2019-06-16,9508.0,9432.0,1,[0.74]
1744954,2019-06-16,9432.0,9041.0,1,[1.395]
1746340,2019-06-16,8537.0,9108.0,1,[2.507]
1746723,2019-06-15,9959.0,9508.0,1,[1.771]
1747004,2019-06-15,9385.0,9062.0,1,[0.287]
1747004,2019-06-15,9385.0,8658.0,1,[2.666]
1747004,2019-06-15,9062.0,9022.0,1,[1.16]
1747004,2019-06-15,9022.0,9687.0,1,[0.621]
1747004,2019-06-15,9687.0,9385.0,1,[1.492]
1747004,2019-06-15,8658.0,8893.0,1,[0.54]
1747004,2019-06-15,8893.0,9074.0,1,[2.17]
1747004,2019-06-16,9074.0,9520.0,1,[1.526]
1747004,2019-06-16,9520.0,9385.0,1,[1.333]
1748809,2019-06-15,9698.0,9045.0,1,[1.606]
1748809,2019-06-15,9045.0,9508.0,1,[1.523]
